// Generated by tools/emoji/gen_emoji.py (Python 3.14.2, Unicode 16.0.0): do not edit.
// 1626 emoji in the picker, 305 of them with skin tones; 3151 table rows. Filtered by tools/emoji_probe.
// Row: UTF-8 text (fully qualified), name, group, flags (1 text default, 2 has tones, 4*n tone n), search words.
static const Row kRows[] = {
    {"\xF0\x9F\x98\x80", "grinning face", 0, 0, "grinning happy smile"},
    {"\xF0\x9F\x98\x83", "grinning face with big eyes", 0, 0, "smiley happy"},
    {"\xF0\x9F\x98\x84", "grinning face with smiling eyes", 0, 0, "smile happy"},
    {"\xF0\x9F\x98\x81", "beaming face with smiling eyes", 0, 0, "grin"},
    {"\xF0\x9F\x98\x86", "grinning squinting face", 0, 0, "laughing satisfied haha"},
    {"\xF0\x9F\x98\x85", "grinning face with sweat", 0, 0, "sweat_smile phew"},
    {"\xF0\x9F\xA4\xA3", "rolling on the floor laughing", 0, 0, "rofl lol laughing"},
    {"\xF0\x9F\x98\x82", "face with tears of joy", 0, 0, "joy lol laughing haha tears"},
    {"\xF0\x9F\x99\x82", "slightly smiling face", 0, 0, "slight_smile smile"},
    {"\xF0\x9F\x99\x83", "upside-down face", 0, 0, "upside_down sarcasm"},
    {"\xF0\x9F\xAB\xA0", "melting face", 0, 0, "melting"},
    {"\xF0\x9F\x98\x89", "winking face", 0, 0, "wink"},
    {"\xF0\x9F\x98\x8A", "smiling face with smiling eyes", 0, 0, "blush happy"},
    {"\xF0\x9F\x98\x87", "smiling face with halo", 0, 0, "innocent halo angel"},
    {"\xF0\x9F\xA5\xB0", "smiling face with hearts", 0, 0, "love hearts adore"},
    {"\xF0\x9F\x98\x8D", "smiling face with heart-eyes", 0, 0, "heart_eyes love crush"},
    {"\xF0\x9F\xA4\xA9", "star-struck", 0, 0, "star_struck wow amazing"},
    {"\xF0\x9F\x98\x98", "face blowing a kiss", 0, 0, "kissing_heart kiss"},
    {"\xF0\x9F\x98\x97", "kissing face", 0, 0, "kissing kiss"},
    {"\xE2\x98\xBA\xEF\xB8\x8F", "smiling face", 0, 1, "relaxed smile"},
    {"\xF0\x9F\x98\x9A", "kissing face with closed eyes", 0, 0, "kiss"},
    {"\xF0\x9F\x98\x99", "kissing face with smiling eyes", 0, 0, "kiss"},
    {"\xF0\x9F\xA5\xB2", "smiling face with tear", 0, 0, "smiling_tear grateful"},
    {"\xF0\x9F\x98\x8B", "face savoring food", 0, 0, "yum tasty delicious"},
    {"\xF0\x9F\x98\x9B", "face with stuck-out tongue", 0, 0, "tongue"},
    {"\xF0\x9F\x98\x9C", "winking face with tongue", 0, 0, "wink tongue crazy"},
    {"\xF0\x9F\xA4\xAA", "zany face", 0, 0, "crazy goofy wild"},
    {"\xF0\x9F\x98\x9D", "squinting face with tongue", 0, 0, "tongue"},
    {"\xF0\x9F\xA4\x91", "money-mouth face", 0, 0, "money rich"},
    {"\xF0\x9F\xA4\x97", "smiling face with open hands", 0, 0, "hug hugging"},
    {"\xF0\x9F\xA4\xAD", "face with hand over mouth", 0, 0, "oops giggle"},
    {"\xF0\x9F\xAB\xA2", "face with open eyes and hand over mouth", 0, 0, "gasp surprised"},
    {"\xF0\x9F\xAB\xA3", "face with peeking eye", 0, 0, "peeking shy"},
    {"\xF0\x9F\xA4\xAB", "shushing face", 0, 0, "shush quiet secret"},
    {"\xF0\x9F\xA4\x94", "thinking face", 0, 0, "thinking hmm think"},
    {"\xF0\x9F\xAB\xA1", "saluting face", 0, 0, "salute respect"},
    {"\xF0\x9F\xA4\x90", "zipper-mouth face", 0, 0, "zipper secret quiet"},
    {"\xF0\x9F\xA4\xA8", "face with raised eyebrow", 0, 0, "raised_eyebrow skeptical sus"},
    {"\xF0\x9F\x98\x90", "neutral face", 0, 0, "neutral meh"},
    {"\xF0\x9F\x98\x91", "expressionless face", 0, 0, "expressionless meh"},
    {"\xF0\x9F\x98\xB6", "face without mouth", 0, 0, "no_mouth speechless"},
    {"\xF0\x9F\xAB\xA5", "dotted line face", 0, 0, "dotted invisible"},
    {"\xF0\x9F\x98\xB6\xE2\x80\x8D\xF0\x9F\x8C\xAB\xEF\xB8\x8F", "face in clouds", 0, 0, ""},
    {"\xF0\x9F\x98\x8F", "smirking face", 0, 0, "smirk"},
    {"\xF0\x9F\x98\x92", "unamused face", 0, 0, "unamused meh"},
    {"\xF0\x9F\x99\x84", "face with rolling eyes", 0, 0, "eye_roll rolling_eyes whatever"},
    {"\xF0\x9F\x98\xAC", "grimacing face", 0, 0, "grimacing awkward yikes"},
    {"\xF0\x9F\x98\xAE\xE2\x80\x8D\xF0\x9F\x92\xA8", "face exhaling", 0, 0, "exhale sigh relief"},
    {"\xF0\x9F\xA4\xA5", "lying face", 0, 0, "lying liar"},
    {"\xF0\x9F\xAB\xA8", "shaking face", 0, 0, "shaking"},
    {"\xF0\x9F\x99\x82\xE2\x80\x8D\xE2\x86\x94\xEF\xB8\x8F", "head shaking horizontally", 0, 0, ""},
    {"\xF0\x9F\x99\x82\xE2\x80\x8D\xE2\x86\x95\xEF\xB8\x8F", "head shaking vertically", 0, 0, ""},
    {"\xF0\x9F\x98\x8C", "relieved face", 0, 0, "relieved calm"},
    {"\xF0\x9F\x98\x94", "pensive face", 0, 0, "pensive sad"},
    {"\xF0\x9F\x98\xAA", "sleepy face", 0, 0, "sleepy"},
    {"\xF0\x9F\xA4\xA4", "drooling face", 0, 0, "drool"},
    {"\xF0\x9F\x98\xB4", "sleeping face", 0, 0, "sleeping zzz tired"},
    {"\xF0\x9F\xAB\xA9", "face with bags under eyes", 0, 0, ""},
    {"\xF0\x9F\x98\xB7", "face with medical mask", 0, 0, "mask sick"},
    {"\xF0\x9F\xA4\x92", "face with thermometer", 0, 0, "sick fever ill"},
    {"\xF0\x9F\xA4\x95", "face with head-bandage", 0, 0, "hurt injured"},
    {"\xF0\x9F\xA4\xA2", "nauseated face", 0, 0, "nauseated sick gross"},
    {"\xF0\x9F\xA4\xAE", "face vomiting", 0, 0, "vomit puke gross"},
    {"\xF0\x9F\xA4\xA7", "sneezing face", 0, 0, "sneeze sick"},
    {"\xF0\x9F\xA5\xB5", "hot face", 0, 0, "hot sweating"},
    {"\xF0\x9F\xA5\xB6", "cold face", 0, 0, "cold freezing"},
    {"\xF0\x9F\xA5\xB4", "woozy face", 0, 0, "woozy drunk tipsy"},
    {"\xF0\x9F\x98\xB5", "face with crossed-out eyes", 0, 0, "dizzy dead"},
    {"\xF0\x9F\x98\xB5\xE2\x80\x8D\xF0\x9F\x92\xAB", "face with spiral eyes", 0, 0, "dizzy spiral"},
    {"\xF0\x9F\xA4\xAF", "exploding head", 0, 0, "mind_blown exploding shocked"},
    {"\xF0\x9F\xA4\xA0", "cowboy hat face", 0, 0, "cowboy yeehaw"},
    {"\xF0\x9F\xA5\xB3", "partying face", 0, 0, "party partying celebrate birthday"},
    {"\xF0\x9F\xA5\xB8", "disguised face", 0, 0, "disguise"},
    {"\xF0\x9F\x98\x8E", "smiling face with sunglasses", 0, 0, "sunglasses cool"},
    {"\xF0\x9F\xA4\x93", "nerd face", 0, 0, "nerd geek"},
    {"\xF0\x9F\xA7\x90", "face with monocle", 0, 0, "monocle curious"},
    {"\xF0\x9F\x98\x95", "confused face", 0, 0, "confused"},
    {"\xF0\x9F\xAB\xA4", "face with diagonal mouth", 0, 0, "diagonal meh"},
    {"\xF0\x9F\x98\x9F", "worried face", 0, 0, "worried"},
    {"\xF0\x9F\x99\x81", "slightly frowning face", 0, 0, "frown sad"},
    {"\xE2\x98\xB9\xEF\xB8\x8F", "frowning face", 0, 1, "frowning sad"},
    {"\xF0\x9F\x98\xAE", "face with open mouth", 0, 0, "open_mouth wow surprised"},
    {"\xF0\x9F\x98\xAF", "hushed face", 0, 0, "hushed surprised"},
    {"\xF0\x9F\x98\xB2", "astonished face", 0, 0, "astonished shocked wow"},
    {"\xF0\x9F\x98\xB3", "flushed face", 0, 0, "flushed embarrassed"},
    {"\xF0\x9F\xA5\xBA", "pleading face", 0, 0, "pleading puppy please"},
    {"\xF0\x9F\xA5\xB9", "face holding back tears", 0, 0, "holding_back_tears touched"},
    {"\xF0\x9F\x98\xA6", "frowning face with open mouth", 0, 0, "frowning"},
    {"\xF0\x9F\x98\xA7", "anguished face", 0, 0, "anguished"},
    {"\xF0\x9F\x98\xA8", "fearful face", 0, 0, "fearful scared"},
    {"\xF0\x9F\x98\xB0", "anxious face with sweat", 0, 0, "anxious nervous"},
    {"\xF0\x9F\x98\xA5", "sad but relieved face", 0, 0, "disappointed_relieved"},
    {"\xF0\x9F\x98\xA2", "crying face", 0, 0, "cry sad tear"},
    {"\xF0\x9F\x98\xAD", "loudly crying face", 0, 0, "sob crying sad"},
    {"\xF0\x9F\x98\xB1", "face screaming in fear", 0, 0, "scream scared horror"},
    {"\xF0\x9F\x98\x96", "confounded face", 0, 0, "confounded"},
    {"\xF0\x9F\x98\xA3", "persevering face", 0, 0, "persevere"},
    {"\xF0\x9F\x98\x9E", "disappointed face", 0, 0, "disappointed sad"},
    {"\xF0\x9F\x98\x93", "downcast face with sweat", 0, 0, "sweat"},
    {"\xF0\x9F\x98\xA9", "weary face", 0, 0, "weary tired"},
    {"\xF0\x9F\x98\xAB", "tired face", 0, 0, "tired exhausted"},
    {"\xF0\x9F\xA5\xB1", "yawning face", 0, 0, "yawn bored tired"},
    {"\xF0\x9F\x98\xA4", "face with steam from nose", 0, 0, "triumph huff angry"},
    {"\xF0\x9F\x98\xA1", "enraged face", 0, 0, "rage angry mad"},
    {"\xF0\x9F\x98\xA0", "angry face", 0, 0, "angry mad"},
    {"\xF0\x9F\xA4\xAC", "face with symbols on mouth", 0, 0, "cursing swearing angry"},
    {"\xF0\x9F\x98\x88", "smiling face with horns", 0, 0, "devil smiling_imp evil"},
    {"\xF0\x9F\x91\xBF", "angry face with horns", 0, 0, "imp devil angry"},
    {"\xF0\x9F\x92\x80", "skull", 0, 0, "skull dead dying lmao"},
    {"\xE2\x98\xA0\xEF\xB8\x8F", "skull and crossbones", 0, 1, "skull_crossbones danger death"},
    {"\xF0\x9F\x92\xA9", "pile of poo", 0, 0, "poop shit"},
    {"\xF0\x9F\xA4\xA1", "clown face", 0, 0, "clown"},
    {"\xF0\x9F\x91\xB9", "ogre", 0, 0, "ogre monster"},
    {"\xF0\x9F\x91\xBA", "goblin", 0, 0, "goblin"},
    {"\xF0\x9F\x91\xBB", "ghost", 0, 0, "ghost boo halloween"},
    {"\xF0\x9F\x91\xBD", "alien", 0, 0, "alien ufo"},
    {"\xF0\x9F\x91\xBE", "alien monster", 0, 0, "space_invader game alien"},
    {"\xF0\x9F\xA4\x96", "robot", 0, 0, "robot bot"},
    {"\xF0\x9F\x98\xBA", "grinning cat", 0, 0, "cat"},
    {"\xF0\x9F\x98\xB8", "grinning cat with smiling eyes", 0, 0, "cat"},
    {"\xF0\x9F\x98\xB9", "cat with tears of joy", 0, 0, "cat joy"},
    {"\xF0\x9F\x98\xBB", "smiling cat with heart-eyes", 0, 0, "cat love"},
    {"\xF0\x9F\x98\xBC", "cat with wry smile", 0, 0, ""},
    {"\xF0\x9F\x98\xBD", "kissing cat", 0, 0, ""},
    {"\xF0\x9F\x99\x80", "weary cat", 0, 0, ""},
    {"\xF0\x9F\x98\xBF", "crying cat", 0, 0, ""},
    {"\xF0\x9F\x98\xBE", "pouting cat", 0, 0, ""},
    {"\xF0\x9F\x99\x88", "see-no-evil monkey", 0, 0, "see_no_evil monkey shy"},
    {"\xF0\x9F\x99\x89", "hear-no-evil monkey", 0, 0, "hear_no_evil monkey"},
    {"\xF0\x9F\x99\x8A", "speak-no-evil monkey", 0, 0, "speak_no_evil monkey oops"},
    {"\xF0\x9F\x92\x8C", "love letter", 0, 0, ""},
    {"\xF0\x9F\x92\x98", "heart with arrow", 0, 0, ""},
    {"\xF0\x9F\x92\x9D", "heart with ribbon", 0, 0, ""},
    {"\xF0\x9F\x92\x96", "sparkling heart", 0, 0, "sparkling_heart love"},
    {"\xF0\x9F\x92\x97", "growing heart", 0, 0, "heartpulse love"},
    {"\xF0\x9F\x92\x93", "beating heart", 0, 0, ""},
    {"\xF0\x9F\x92\x9E", "revolving hearts", 0, 0, ""},
    {"\xF0\x9F\x92\x95", "two hearts", 0, 0, "two_hearts love"},
    {"\xF0\x9F\x92\x9F", "heart decoration", 0, 0, ""},
    {"\xE2\x9D\xA3\xEF\xB8\x8F", "heart exclamation", 0, 1, ""},
    {"\xF0\x9F\x92\x94", "broken heart", 0, 0, "broken_heart heartbreak"},
    {"\xE2\x9D\xA4\xEF\xB8\x8F\xE2\x80\x8D\xF0\x9F\x94\xA5", "heart on fire", 0, 0, "heart_on_fire passion"},
    {"\xE2\x9D\xA4\xEF\xB8\x8F\xE2\x80\x8D\xF0\x9F\xA9\xB9", "mending heart", 0, 0, ""},
    {"\xE2\x9D\xA4\xEF\xB8\x8F", "red heart", 0, 1, "heart love red"},
    {"\xF0\x9F\xA9\xB7", "pink heart", 0, 0, "pink_heart"},
    {"\xF0\x9F\xA7\xA1", "orange heart", 0, 0, "orange_heart"},
    {"\xF0\x9F\x92\x9B", "yellow heart", 0, 0, "yellow_heart"},
    {"\xF0\x9F\x92\x9A", "green heart", 0, 0, "green_heart"},
    {"\xF0\x9F\x92\x99", "blue heart", 0, 0, "blue_heart"},
    {"\xF0\x9F\xA9\xB5", "light blue heart", 0, 0, "light_blue_heart"},
    {"\xF0\x9F\x92\x9C", "purple heart", 0, 0, "purple_heart"},
    {"\xF0\x9F\xA4\x8E", "brown heart", 0, 0, "brown_heart"},
    {"\xF0\x9F\x96\xA4", "black heart", 0, 0, "black_heart"},
    {"\xF0\x9F\xA9\xB6", "grey heart", 0, 0, "grey_heart"},
    {"\xF0\x9F\xA4\x8D", "white heart", 0, 0, "white_heart"},
    {"\xF0\x9F\x92\x8B", "kiss mark", 0, 0, "kiss lips"},
    {"\xF0\x9F\x92\xAF", "hundred points", 0, 0, "100 hundred perfect"},
    {"\xF0\x9F\x92\xA2", "anger symbol", 0, 0, "anger"},
    {"\xF0\x9F\x92\xA5", "collision", 0, 0, "boom collision"},
    {"\xF0\x9F\x92\xAB", "dizzy", 0, 0, ""},
    {"\xF0\x9F\x92\xA6", "sweat droplets", 0, 0, "sweat_drops water splash"},
    {"\xF0\x9F\x92\xA8", "dashing away", 0, 0, "dash wind fast"},
    {"\xF0\x9F\x95\xB3\xEF\xB8\x8F", "hole", 0, 1, ""},
    {"\xF0\x9F\x92\xAC", "speech balloon", 0, 0, "speech chat message"},
    {"\xF0\x9F\x91\x81\xEF\xB8\x8F\xE2\x80\x8D\xF0\x9F\x97\xA8\xEF\xB8\x8F", "eye in speech bubble", 0, 0, ""},
    {"\xF0\x9F\x97\xA8\xEF\xB8\x8F", "left speech bubble", 0, 1, ""},
    {"\xF0\x9F\x97\xAF\xEF\xB8\x8F", "right anger bubble", 0, 1, ""},
    {"\xF0\x9F\x92\xAD", "thought balloon", 0, 0, ""},
    {"\xF0\x9F\x92\xA4", "ZZZ", 0, 0, "zzz sleep"},
    {"\xF0\x9F\x91\x8B", "waving hand", 0, 2, "wave hi hello bye"},
    {"\xF0\x9F\x91\x8B\xF0\x9F\x8F\xBB", "", 0, 4, ""},
    {"\xF0\x9F\x91\x8B\xF0\x9F\x8F\xBC", "", 0, 8, ""},
    {"\xF0\x9F\x91\x8B\xF0\x9F\x8F\xBD", "", 0, 12, ""},
    {"\xF0\x9F\x91\x8B\xF0\x9F\x8F\xBE", "", 0, 16, ""},
    {"\xF0\x9F\x91\x8B\xF0\x9F\x8F\xBF", "", 0, 20, ""},
    {"\xF0\x9F\xA4\x9A", "raised back of hand", 0, 2, ""},
    {"\xF0\x9F\xA4\x9A\xF0\x9F\x8F\xBB", "", 0, 4, ""},
    {"\xF0\x9F\xA4\x9A\xF0\x9F\x8F\xBC", "", 0, 8, ""},
    {"\xF0\x9F\xA4\x9A\xF0\x9F\x8F\xBD", "", 0, 12, ""},
    {"\xF0\x9F\xA4\x9A\xF0\x9F\x8F\xBE", "", 0, 16, ""},
    {"\xF0\x9F\xA4\x9A\xF0\x9F\x8F\xBF", "", 0, 20, ""},
    {"\xF0\x9F\x96\x90\xEF\xB8\x8F", "hand with fingers splayed", 0, 3, ""},
    {"\xF0\x9F\x96\x90\xF0\x9F\x8F\xBB", "", 0, 4, ""},
    {"\xF0\x9F\x96\x90\xF0\x9F\x8F\xBC", "", 0, 8, ""},
    {"\xF0\x9F\x96\x90\xF0\x9F\x8F\xBD", "", 0, 12, ""},
    {"\xF0\x9F\x96\x90\xF0\x9F\x8F\xBE", "", 0, 16, ""},
    {"\xF0\x9F\x96\x90\xF0\x9F\x8F\xBF", "", 0, 20, ""},
    {"\xE2\x9C\x8B", "raised hand", 0, 2, ""},
    {"\xE2\x9C\x8B\xF0\x9F\x8F\xBB", "", 0, 4, ""},
    {"\xE2\x9C\x8B\xF0\x9F\x8F\xBC", "", 0, 8, ""},
    {"\xE2\x9C\x8B\xF0\x9F\x8F\xBD", "", 0, 12, ""},
    {"\xE2\x9C\x8B\xF0\x9F\x8F\xBE", "", 0, 16, ""},
    {"\xE2\x9C\x8B\xF0\x9F\x8F\xBF", "", 0, 20, ""},
    {"\xF0\x9F\x96\x96", "vulcan salute", 0, 2, ""},
    {"\xF0\x9F\x96\x96\xF0\x9F\x8F\xBB", "", 0, 4, ""},
    {"\xF0\x9F\x96\x96\xF0\x9F\x8F\xBC", "", 0, 8, ""},
    {"\xF0\x9F\x96\x96\xF0\x9F\x8F\xBD", "", 0, 12, ""},
    {"\xF0\x9F\x96\x96\xF0\x9F\x8F\xBE", "", 0, 16, ""},
    {"\xF0\x9F\x96\x96\xF0\x9F\x8F\xBF", "", 0, 20, ""},
    {"\xF0\x9F\xAB\xB1", "rightwards hand", 0, 2, ""},
    {"\xF0\x9F\xAB\xB1\xF0\x9F\x8F\xBB", "", 0, 4, ""},
    {"\xF0\x9F\xAB\xB1\xF0\x9F\x8F\xBC", "", 0, 8, ""},
    {"\xF0\x9F\xAB\xB1\xF0\x9F\x8F\xBD", "", 0, 12, ""},
    {"\xF0\x9F\xAB\xB1\xF0\x9F\x8F\xBE", "", 0, 16, ""},
    {"\xF0\x9F\xAB\xB1\xF0\x9F\x8F\xBF", "", 0, 20, ""},
    {"\xF0\x9F\xAB\xB2", "leftwards hand", 0, 2, ""},
    {"\xF0\x9F\xAB\xB2\xF0\x9F\x8F\xBB", "", 0, 4, ""},
    {"\xF0\x9F\xAB\xB2\xF0\x9F\x8F\xBC", "", 0, 8, ""},
    {"\xF0\x9F\xAB\xB2\xF0\x9F\x8F\xBD", "", 0, 12, ""},
    {"\xF0\x9F\xAB\xB2\xF0\x9F\x8F\xBE", "", 0, 16, ""},
    {"\xF0\x9F\xAB\xB2\xF0\x9F\x8F\xBF", "", 0, 20, ""},
    {"\xF0\x9F\xAB\xB3", "palm down hand", 0, 2, ""},
    {"\xF0\x9F\xAB\xB3\xF0\x9F\x8F\xBB", "", 0, 4, ""},
    {"\xF0\x9F\xAB\xB3\xF0\x9F\x8F\xBC", "", 0, 8, ""},
    {"\xF0\x9F\xAB\xB3\xF0\x9F\x8F\xBD", "", 0, 12, ""},
    {"\xF0\x9F\xAB\xB3\xF0\x9F\x8F\xBE", "", 0, 16, ""},
    {"\xF0\x9F\xAB\xB3\xF0\x9F\x8F\xBF", "", 0, 20, ""},
    {"\xF0\x9F\xAB\xB4", "palm up hand", 0, 2, ""},
    {"\xF0\x9F\xAB\xB4\xF0\x9F\x8F\xBB", "", 0, 4, ""},
    {"\xF0\x9F\xAB\xB4\xF0\x9F\x8F\xBC", "", 0, 8, ""},
    {"\xF0\x9F\xAB\xB4\xF0\x9F\x8F\xBD", "", 0, 12, ""},
    {"\xF0\x9F\xAB\xB4\xF0\x9F\x8F\xBE", "", 0, 16, ""},
    {"\xF0\x9F\xAB\xB4\xF0\x9F\x8F\xBF", "", 0, 20, ""},
    {"\xF0\x9F\xAB\xB7", "leftwards pushing hand", 0, 2, ""},
    {"\xF0\x9F\xAB\xB7\xF0\x9F\x8F\xBB", "", 0, 4, ""},
    {"\xF0\x9F\xAB\xB7\xF0\x9F\x8F\xBC", "", 0, 8, ""},
    {"\xF0\x9F\xAB\xB7\xF0\x9F\x8F\xBD", "", 0, 12, ""},
    {"\xF0\x9F\xAB\xB7\xF0\x9F\x8F\xBE", "", 0, 16, ""},
    {"\xF0\x9F\xAB\xB7\xF0\x9F\x8F\xBF", "", 0, 20, ""},
    {"\xF0\x9F\xAB\xB8", "rightwards pushing hand", 0, 2, ""},
    {"\xF0\x9F\xAB\xB8\xF0\x9F\x8F\xBB", "", 0, 4, ""},
    {"\xF0\x9F\xAB\xB8\xF0\x9F\x8F\xBC", "", 0, 8, ""},
    {"\xF0\x9F\xAB\xB8\xF0\x9F\x8F\xBD", "", 0, 12, ""},
    {"\xF0\x9F\xAB\xB8\xF0\x9F\x8F\xBE", "", 0, 16, ""},
    {"\xF0\x9F\xAB\xB8\xF0\x9F\x8F\xBF", "", 0, 20, ""},
    {"\xF0\x9F\x91\x8C", "OK hand", 0, 2, "ok_hand ok perfect"},
    {"\xF0\x9F\x91\x8C\xF0\x9F\x8F\xBB", "", 0, 4, ""},
    {"\xF0\x9F\x91\x8C\xF0\x9F\x8F\xBC", "", 0, 8, ""},
    {"\xF0\x9F\x91\x8C\xF0\x9F\x8F\xBD", "", 0, 12, ""},
    {"\xF0\x9F\x91\x8C\xF0\x9F\x8F\xBE", "", 0, 16, ""},
    {"\xF0\x9F\x91\x8C\xF0\x9F\x8F\xBF", "", 0, 20, ""},
    {"\xF0\x9F\xA4\x8C", "pinched fingers", 0, 2, "pinched italian"},
    {"\xF0\x9F\xA4\x8C\xF0\x9F\x8F\xBB", "", 0, 4, ""},
    {"\xF0\x9F\xA4\x8C\xF0\x9F\x8F\xBC", "", 0, 8, ""},
    {"\xF0\x9F\xA4\x8C\xF0\x9F\x8F\xBD", "", 0, 12, ""},
    {"\xF0\x9F\xA4\x8C\xF0\x9F\x8F\xBE", "", 0, 16, ""},
    {"\xF0\x9F\xA4\x8C\xF0\x9F\x8F\xBF", "", 0, 20, ""},
    {"\xF0\x9F\xA4\x8F", "pinching hand", 0, 2, ""},
    {"\xF0\x9F\xA4\x8F\xF0\x9F\x8F\xBB", "", 0, 4, ""},
    {"\xF0\x9F\xA4\x8F\xF0\x9F\x8F\xBC", "", 0, 8, ""},
    {"\xF0\x9F\xA4\x8F\xF0\x9F\x8F\xBD", "", 0, 12, ""},
    {"\xF0\x9F\xA4\x8F\xF0\x9F\x8F\xBE", "", 0, 16, ""},
    {"\xF0\x9F\xA4\x8F\xF0\x9F\x8F\xBF", "", 0, 20, ""},
    {"\xE2\x9C\x8C\xEF\xB8\x8F", "victory hand", 0, 3, "v peace victory"},
    {"\xE2\x9C\x8C\xF0\x9F\x8F\xBB", "", 0, 4, ""},
    {"\xE2\x9C\x8C\xF0\x9F\x8F\xBC", "", 0, 8, ""},
    {"\xE2\x9C\x8C\xF0\x9F\x8F\xBD", "", 0, 12, ""},
    {"\xE2\x9C\x8C\xF0\x9F\x8F\xBE", "", 0, 16, ""},
    {"\xE2\x9C\x8C\xF0\x9F\x8F\xBF", "", 0, 20, ""},
    {"\xF0\x9F\xA4\x9E", "crossed fingers", 0, 2, "fingers_crossed luck hope"},
    {"\xF0\x9F\xA4\x9E\xF0\x9F\x8F\xBB", "", 0, 4, ""},
    {"\xF0\x9F\xA4\x9E\xF0\x9F\x8F\xBC", "", 0, 8, ""},
    {"\xF0\x9F\xA4\x9E\xF0\x9F\x8F\xBD", "", 0, 12, ""},
    {"\xF0\x9F\xA4\x9E\xF0\x9F\x8F\xBE", "", 0, 16, ""},
    {"\xF0\x9F\xA4\x9E\xF0\x9F\x8F\xBF", "", 0, 20, ""},
    {"\xF0\x9F\xAB\xB0", "hand with index finger and thumb crossed", 0, 2, ""},
    {"\xF0\x9F\xAB\xB0\xF0\x9F\x8F\xBB", "", 0, 4, ""},
    {"\xF0\x9F\xAB\xB0\xF0\x9F\x8F\xBC", "", 0, 8, ""},
    {"\xF0\x9F\xAB\xB0\xF0\x9F\x8F\xBD", "", 0, 12, ""},
    {"\xF0\x9F\xAB\xB0\xF0\x9F\x8F\xBE", "", 0, 16, ""},
    {"\xF0\x9F\xAB\xB0\xF0\x9F\x8F\xBF", "", 0, 20, ""},
    {"\xF0\x9F\xA4\x9F", "love-you gesture", 0, 2, "love_you"},
    {"\xF0\x9F\xA4\x9F\xF0\x9F\x8F\xBB", "", 0, 4, ""},
    {"\xF0\x9F\xA4\x9F\xF0\x9F\x8F\xBC", "", 0, 8, ""},
    {"\xF0\x9F\xA4\x9F\xF0\x9F\x8F\xBD", "", 0, 12, ""},
    {"\xF0\x9F\xA4\x9F\xF0\x9F\x8F\xBE", "", 0, 16, ""},
    {"\xF0\x9F\xA4\x9F\xF0\x9F\x8F\xBF", "", 0, 20, ""},
    {"\xF0\x9F\xA4\x98", "sign of the horns", 0, 2, "metal rock horns"},
    {"\xF0\x9F\xA4\x98\xF0\x9F\x8F\xBB", "", 0, 4, ""},
    {"\xF0\x9F\xA4\x98\xF0\x9F\x8F\xBC", "", 0, 8, ""},
    {"\xF0\x9F\xA4\x98\xF0\x9F\x8F\xBD", "", 0, 12, ""},
    {"\xF0\x9F\xA4\x98\xF0\x9F\x8F\xBE", "", 0, 16, ""},
    {"\xF0\x9F\xA4\x98\xF0\x9F\x8F\xBF", "", 0, 20, ""},
    {"\xF0\x9F\xA4\x99", "call me hand", 0, 2, "call_me shaka"},
    {"\xF0\x9F\xA4\x99\xF0\x9F\x8F\xBB", "", 0, 4, ""},
    {"\xF0\x9F\xA4\x99\xF0\x9F\x8F\xBC", "", 0, 8, ""},
    {"\xF0\x9F\xA4\x99\xF0\x9F\x8F\xBD", "", 0, 12, ""},
    {"\xF0\x9F\xA4\x99\xF0\x9F\x8F\xBE", "", 0, 16, ""},
    {"\xF0\x9F\xA4\x99\xF0\x9F\x8F\xBF", "", 0, 20, ""},
    {"\xF0\x9F\x91\x88", "backhand index pointing left", 0, 2, "point_left"},
    {"\xF0\x9F\x91\x88\xF0\x9F\x8F\xBB", "", 0, 4, ""},
    {"\xF0\x9F\x91\x88\xF0\x9F\x8F\xBC", "", 0, 8, ""},
    {"\xF0\x9F\x91\x88\xF0\x9F\x8F\xBD", "", 0, 12, ""},
    {"\xF0\x9F\x91\x88\xF0\x9F\x8F\xBE", "", 0, 16, ""},
    {"\xF0\x9F\x91\x88\xF0\x9F\x8F\xBF", "", 0, 20, ""},
    {"\xF0\x9F\x91\x89", "backhand index pointing right", 0, 2, "point_right"},
    {"\xF0\x9F\x91\x89\xF0\x9F\x8F\xBB", "", 0, 4, ""},
    {"\xF0\x9F\x91\x89\xF0\x9F\x8F\xBC", "", 0, 8, ""},
    {"\xF0\x9F\x91\x89\xF0\x9F\x8F\xBD", "", 0, 12, ""},
    {"\xF0\x9F\x91\x89\xF0\x9F\x8F\xBE", "", 0, 16, ""},
    {"\xF0\x9F\x91\x89\xF0\x9F\x8F\xBF", "", 0, 20, ""},
    {"\xF0\x9F\x91\x86", "backhand index pointing up", 0, 2, "point_up"},
    {"\xF0\x9F\x91\x86\xF0\x9F\x8F\xBB", "", 0, 4, ""},
    {"\xF0\x9F\x91\x86\xF0\x9F\x8F\xBC", "", 0, 8, ""},
    {"\xF0\x9F\x91\x86\xF0\x9F\x8F\xBD", "", 0, 12, ""},
    {"\xF0\x9F\x91\x86\xF0\x9F\x8F\xBE", "", 0, 16, ""},
    {"\xF0\x9F\x91\x86\xF0\x9F\x8F\xBF", "", 0, 20, ""},
    {"\xF0\x9F\x96\x95", "middle finger", 0, 2, "middle_finger"},
    {"\xF0\x9F\x96\x95\xF0\x9F\x8F\xBB", "", 0, 4, ""},
    {"\xF0\x9F\x96\x95\xF0\x9F\x8F\xBC", "", 0, 8, ""},
    {"\xF0\x9F\x96\x95\xF0\x9F\x8F\xBD", "", 0, 12, ""},
    {"\xF0\x9F\x96\x95\xF0\x9F\x8F\xBE", "", 0, 16, ""},
    {"\xF0\x9F\x96\x95\xF0\x9F\x8F\xBF", "", 0, 20, ""},
    {"\xF0\x9F\x91\x87", "backhand index pointing down", 0, 2, "point_down"},
    {"\xF0\x9F\x91\x87\xF0\x9F\x8F\xBB", "", 0, 4, ""},
    {"\xF0\x9F\x91\x87\xF0\x9F\x8F\xBC", "", 0, 8, ""},
    {"\xF0\x9F\x91\x87\xF0\x9F\x8F\xBD", "", 0, 12, ""},
    {"\xF0\x9F\x91\x87\xF0\x9F\x8F\xBE", "", 0, 16, ""},
    {"\xF0\x9F\x91\x87\xF0\x9F\x8F\xBF", "", 0, 20, ""},
    {"\xE2\x98\x9D\xEF\xB8\x8F", "index pointing up", 0, 3, "point_up"},
    {"\xE2\x98\x9D\xF0\x9F\x8F\xBB", "", 0, 4, ""},
    {"\xE2\x98\x9D\xF0\x9F\x8F\xBC", "", 0, 8, ""},
    {"\xE2\x98\x9D\xF0\x9F\x8F\xBD", "", 0, 12, ""},
    {"\xE2\x98\x9D\xF0\x9F\x8F\xBE", "", 0, 16, ""},
    {"\xE2\x98\x9D\xF0\x9F\x8F\xBF", "", 0, 20, ""},
    {"\xF0\x9F\xAB\xB5", "index pointing at the viewer", 0, 2, "you point"},
    {"\xF0\x9F\xAB\xB5\xF0\x9F\x8F\xBB", "", 0, 4, ""},
    {"\xF0\x9F\xAB\xB5\xF0\x9F\x8F\xBC", "", 0, 8, ""},
    {"\xF0\x9F\xAB\xB5\xF0\x9F\x8F\xBD", "", 0, 12, ""},
    {"\xF0\x9F\xAB\xB5\xF0\x9F\x8F\xBE", "", 0, 16, ""},
    {"\xF0\x9F\xAB\xB5\xF0\x9F\x8F\xBF", "", 0, 20, ""},
    {"\xF0\x9F\x91\x8D", "thumbs up", 0, 2, "thumbsup +1 like yes ok good"},
    {"\xF0\x9F\x91\x8D\xF0\x9F\x8F\xBB", "", 0, 4, ""},
    {"\xF0\x9F\x91\x8D\xF0\x9F\x8F\xBC", "", 0, 8, ""},
    {"\xF0\x9F\x91\x8D\xF0\x9F\x8F\xBD", "", 0, 12, ""},
    {"\xF0\x9F\x91\x8D\xF0\x9F\x8F\xBE", "", 0, 16, ""},
    {"\xF0\x9F\x91\x8D\xF0\x9F\x8F\xBF", "", 0, 20, ""},
    {"\xF0\x9F\x91\x8E", "thumbs down", 0, 2, "thumbsdown -1 dislike no bad"},
    {"\xF0\x9F\x91\x8E\xF0\x9F\x8F\xBB", "", 0, 4, ""},
    {"\xF0\x9F\x91\x8E\xF0\x9F\x8F\xBC", "", 0, 8, ""},
    {"\xF0\x9F\x91\x8E\xF0\x9F\x8F\xBD", "", 0, 12, ""},
    {"\xF0\x9F\x91\x8E\xF0\x9F\x8F\xBE", "", 0, 16, ""},
    {"\xF0\x9F\x91\x8E\xF0\x9F\x8F\xBF", "", 0, 20, ""},
    {"\xE2\x9C\x8A", "raised fist", 0, 2, "fist"},
    {"\xE2\x9C\x8A\xF0\x9F\x8F\xBB", "", 0, 4, ""},
    {"\xE2\x9C\x8A\xF0\x9F\x8F\xBC", "", 0, 8, ""},
    {"\xE2\x9C\x8A\xF0\x9F\x8F\xBD", "", 0, 12, ""},
    {"\xE2\x9C\x8A\xF0\x9F\x8F\xBE", "", 0, 16, ""},
    {"\xE2\x9C\x8A\xF0\x9F\x8F\xBF", "", 0, 20, ""},
    {"\xF0\x9F\x91\x8A", "oncoming fist", 0, 2, "punch fist bump"},
    {"\xF0\x9F\x91\x8A\xF0\x9F\x8F\xBB", "", 0, 4, ""},
    {"\xF0\x9F\x91\x8A\xF0\x9F\x8F\xBC", "", 0, 8, ""},
    {"\xF0\x9F\x91\x8A\xF0\x9F\x8F\xBD", "", 0, 12, ""},
    {"\xF0\x9F\x91\x8A\xF0\x9F\x8F\xBE", "", 0, 16, ""},
    {"\xF0\x9F\x91\x8A\xF0\x9F\x8F\xBF", "", 0, 20, ""},
    {"\xF0\x9F\xA4\x9B", "left-facing fist", 0, 2, ""},
    {"\xF0\x9F\xA4\x9B\xF0\x9F\x8F\xBB", "", 0, 4, ""},
    {"\xF0\x9F\xA4\x9B\xF0\x9F\x8F\xBC", "", 0, 8, ""},
    {"\xF0\x9F\xA4\x9B\xF0\x9F\x8F\xBD", "", 0, 12, ""},
    {"\xF0\x9F\xA4\x9B\xF0\x9F\x8F\xBE", "", 0, 16, ""},
    {"\xF0\x9F\xA4\x9B\xF0\x9F\x8F\xBF", "", 0, 20, ""},
    {"\xF0\x9F\xA4\x9C", "right-facing fist", 0, 2, ""},
    {"\xF0\x9F\xA4\x9C\xF0\x9F\x8F\xBB", "", 0, 4, ""},
    {"\xF0\x9F\xA4\x9C\xF0\x9F\x8F\xBC", "", 0, 8, ""},
    {"\xF0\x9F\xA4\x9C\xF0\x9F\x8F\xBD", "", 0, 12, ""},
    {"\xF0\x9F\xA4\x9C\xF0\x9F\x8F\xBE", "", 0, 16, ""},
    {"\xF0\x9F\xA4\x9C\xF0\x9F\x8F\xBF", "", 0, 20, ""},
    {"\xF0\x9F\x91\x8F", "clapping hands", 0, 2, "clap applause bravo"},
    {"\xF0\x9F\x91\x8F\xF0\x9F\x8F\xBB", "", 0, 4, ""},
    {"\xF0\x9F\x91\x8F\xF0\x9F\x8F\xBC", "", 0, 8, ""},
    {"\xF0\x9F\x91\x8F\xF0\x9F\x8F\xBD", "", 0, 12, ""},
    {"\xF0\x9F\x91\x8F\xF0\x9F\x8F\xBE", "", 0, 16, ""},
    {"\xF0\x9F\x91\x8F\xF0\x9F\x8F\xBF", "", 0, 20, ""},
    {"\xF0\x9F\x99\x8C", "raising hands", 0, 2, "raised_hands praise hooray"},
    {"\xF0\x9F\x99\x8C\xF0\x9F\x8F\xBB", "", 0, 4, ""},
    {"\xF0\x9F\x99\x8C\xF0\x9F\x8F\xBC", "", 0, 8, ""},
    {"\xF0\x9F\x99\x8C\xF0\x9F\x8F\xBD", "", 0, 12, ""},
    {"\xF0\x9F\x99\x8C\xF0\x9F\x8F\xBE", "", 0, 16, ""},
    {"\xF0\x9F\x99\x8C\xF0\x9F\x8F\xBF", "", 0, 20, ""},
    {"\xF0\x9F\xAB\xB6", "heart hands", 0, 2, "heart_hands love"},
    {"\xF0\x9F\xAB\xB6\xF0\x9F\x8F\xBB", "", 0, 4, ""},
    {"\xF0\x9F\xAB\xB6\xF0\x9F\x8F\xBC", "", 0, 8, ""},
    {"\xF0\x9F\xAB\xB6\xF0\x9F\x8F\xBD", "", 0, 12, ""},
    {"\xF0\x9F\xAB\xB6\xF0\x9F\x8F\xBE", "", 0, 16, ""},
    {"\xF0\x9F\xAB\xB6\xF0\x9F\x8F\xBF", "", 0, 20, ""},
    {"\xF0\x9F\x91\x90", "open hands", 0, 2, ""},
    {"\xF0\x9F\x91\x90\xF0\x9F\x8F\xBB", "", 0, 4, ""},
    {"\xF0\x9F\x91\x90\xF0\x9F\x8F\xBC", "", 0, 8, ""},
    {"\xF0\x9F\x91\x90\xF0\x9F\x8F\xBD", "", 0, 12, ""},
    {"\xF0\x9F\x91\x90\xF0\x9F\x8F\xBE", "", 0, 16, ""},
    {"\xF0\x9F\x91\x90\xF0\x9F\x8F\xBF", "", 0, 20, ""},
    {"\xF0\x9F\xA4\xB2", "palms up together", 0, 2, ""},
    {"\xF0\x9F\xA4\xB2\xF0\x9F\x8F\xBB", "", 0, 4, ""},
    {"\xF0\x9F\xA4\xB2\xF0\x9F\x8F\xBC", "", 0, 8, ""},
    {"\xF0\x9F\xA4\xB2\xF0\x9F\x8F\xBD", "", 0, 12, ""},
    {"\xF0\x9F\xA4\xB2\xF0\x9F\x8F\xBE", "", 0, 16, ""},
    {"\xF0\x9F\xA4\xB2\xF0\x9F\x8F\xBF", "", 0, 20, ""},
    {"\xF0\x9F\xA4\x9D", "handshake", 0, 2, "handshake deal"},
    {"\xF0\x9F\xA4\x9D\xF0\x9F\x8F\xBB", "", 0, 4, ""},
    {"\xF0\x9F\xA4\x9D\xF0\x9F\x8F\xBC", "", 0, 8, ""},
    {"\xF0\x9F\xA4\x9D\xF0\x9F\x8F\xBD", "", 0, 12, ""},
    {"\xF0\x9F\xA4\x9D\xF0\x9F\x8F\xBE", "", 0, 16, ""},
    {"\xF0\x9F\xA4\x9D\xF0\x9F\x8F\xBF", "", 0, 20, ""},
    {"\xF0\x9F\x99\x8F", "folded hands", 0, 2, "pray please thanks thank_you"},
    {"\xF0\x9F\x99\x8F\xF0\x9F\x8F\xBB", "", 0, 4, ""},
    {"\xF0\x9F\x99\x8F\xF0\x9F\x8F\xBC", "", 0, 8, ""},
    {"\xF0\x9F\x99\x8F\xF0\x9F\x8F\xBD", "", 0, 12, ""},
    {"\xF0\x9F\x99\x8F\xF0\x9F\x8F\xBE", "", 0, 16, ""},
    {"\xF0\x9F\x99\x8F\xF0\x9F\x8F\xBF", "", 0, 20, ""},
    {"\xE2\x9C\x8D\xEF\xB8\x8F", "writing hand", 0, 3, ""},
    {"\xE2\x9C\x8D\xF0\x9F\x8F\xBB", "", 0, 4, ""},
    {"\xE2\x9C\x8D\xF0\x9F\x8F\xBC", "", 0, 8, ""},
    {"\xE2\x9C\x8D\xF0\x9F\x8F\xBD", "", 0, 12, ""},
    {"\xE2\x9C\x8D\xF0\x9F\x8F\xBE", "", 0, 16, ""},
    {"\xE2\x9C\x8D\xF0\x9F\x8F\xBF", "", 0, 20, ""},
    {"\xF0\x9F\x92\x85", "nail polish", 0, 2, ""},
    {"\xF0\x9F\x92\x85\xF0\x9F\x8F\xBB", "", 0, 4, ""},
    {"\xF0\x9F\x92\x85\xF0\x9F\x8F\xBC", "", 0, 8, ""},
    {"\xF0\x9F\x92\x85\xF0\x9F\x8F\xBD", "", 0, 12, ""},
    {"\xF0\x9F\x92\x85\xF0\x9F\x8F\xBE", "", 0, 16, ""},
    {"\xF0\x9F\x92\x85\xF0\x9F\x8F\xBF", "", 0, 20, ""},
    {"\xF0\x9F\xA4\xB3", "selfie", 0, 2, ""},
    {"\xF0\x9F\xA4\xB3\xF0\x9F\x8F\xBB", "", 0, 4, ""},
    {"\xF0\x9F\xA4\xB3\xF0\x9F\x8F\xBC", "", 0, 8, ""},
    {"\xF0\x9F\xA4\xB3\xF0\x9F\x8F\xBD", "", 0, 12, ""},
    {"\xF0\x9F\xA4\xB3\xF0\x9F\x8F\xBE", "", 0, 16, ""},
    {"\xF0\x9F\xA4\xB3\xF0\x9F\x8F\xBF", "", 0, 20, ""},
    {"\xF0\x9F\x92\xAA", "flexed biceps", 0, 2, "muscle strong flex"},
    {"\xF0\x9F\x92\xAA\xF0\x9F\x8F\xBB", "", 0, 4, ""},
    {"\xF0\x9F\x92\xAA\xF0\x9F\x8F\xBC", "", 0, 8, ""},
    {"\xF0\x9F\x92\xAA\xF0\x9F\x8F\xBD", "", 0, 12, ""},
    {"\xF0\x9F\x92\xAA\xF0\x9F\x8F\xBE", "", 0, 16, ""},
    {"\xF0\x9F\x92\xAA\xF0\x9F\x8F\xBF", "", 0, 20, ""},
    {"\xF0\x9F\xA6\xBE", "mechanical arm", 0, 0, "robot arm"},
    {"\xF0\x9F\xA6\xBF", "mechanical leg", 0, 0, ""},
    {"\xF0\x9F\xA6\xB5", "leg", 0, 2, ""},
    {"\xF0\x9F\xA6\xB5\xF0\x9F\x8F\xBB", "", 0, 4, ""},
    {"\xF0\x9F\xA6\xB5\xF0\x9F\x8F\xBC", "", 0, 8, ""},
    {"\xF0\x9F\xA6\xB5\xF0\x9F\x8F\xBD", "", 0, 12, ""},
    {"\xF0\x9F\xA6\xB5\xF0\x9F\x8F\xBE", "", 0, 16, ""},
    {"\xF0\x9F\xA6\xB5\xF0\x9F\x8F\xBF", "", 0, 20, ""},
    {"\xF0\x9F\xA6\xB6", "foot", 0, 2, ""},
    {"\xF0\x9F\xA6\xB6\xF0\x9F\x8F\xBB", "", 0, 4, ""},
    {"\xF0\x9F\xA6\xB6\xF0\x9F\x8F\xBC", "", 0, 8, ""},
    {"\xF0\x9F\xA6\xB6\xF0\x9F\x8F\xBD", "", 0, 12, ""},
    {"\xF0\x9F\xA6\xB6\xF0\x9F\x8F\xBE", "", 0, 16, ""},
    {"\xF0\x9F\xA6\xB6\xF0\x9F\x8F\xBF", "", 0, 20, ""},
    {"\xF0\x9F\x91\x82", "ear", 0, 2, ""},
    {"\xF0\x9F\x91\x82\xF0\x9F\x8F\xBB", "", 0, 4, ""},
    {"\xF0\x9F\x91\x82\xF0\x9F\x8F\xBC", "", 0, 8, ""},
    {"\xF0\x9F\x91\x82\xF0\x9F\x8F\xBD", "", 0, 12, ""},
    {"\xF0\x9F\x91\x82\xF0\x9F\x8F\xBE", "", 0, 16, ""},
    {"\xF0\x9F\x91\x82\xF0\x9F\x8F\xBF", "", 0, 20, ""},
    {"\xF0\x9F\xA6\xBB", "ear with hearing aid", 0, 2, ""},
    {"\xF0\x9F\xA6\xBB\xF0\x9F\x8F\xBB", "", 0, 4, ""},
    {"\xF0\x9F\xA6\xBB\xF0\x9F\x8F\xBC", "", 0, 8, ""},
    {"\xF0\x9F\xA6\xBB\xF0\x9F\x8F\xBD", "", 0, 12, ""},
    {"\xF0\x9F\xA6\xBB\xF0\x9F\x8F\xBE", "", 0, 16, ""},
    {"\xF0\x9F\xA6\xBB\xF0\x9F\x8F\xBF", "", 0, 20, ""},
    {"\xF0\x9F\x91\x83", "nose", 0, 2, ""},
    {"\xF0\x9F\x91\x83\xF0\x9F\x8F\xBB", "", 0, 4, ""},
    {"\xF0\x9F\x91\x83\xF0\x9F\x8F\xBC", "", 0, 8, ""},
    {"\xF0\x9F\x91\x83\xF0\x9F\x8F\xBD", "", 0, 12, ""},
    {"\xF0\x9F\x91\x83\xF0\x9F\x8F\xBE", "", 0, 16, ""},
    {"\xF0\x9F\x91\x83\xF0\x9F\x8F\xBF", "", 0, 20, ""},
    {"\xF0\x9F\xA7\xA0", "brain", 0, 0, "brain smart"},
    {"\xF0\x9F\xAB\x80", "anatomical heart", 0, 0, ""},
    {"\xF0\x9F\xAB\x81", "lungs", 0, 0, ""},
    {"\xF0\x9F\xA6\xB7", "tooth", 0, 0, ""},
    {"\xF0\x9F\xA6\xB4", "bone", 0, 0, ""},
    {"\xF0\x9F\x91\x80", "eyes", 0, 0, "eyes look watching"},
    {"\xF0\x9F\x91\x81\xEF\xB8\x8F", "eye", 0, 1, ""},
    {"\xF0\x9F\x91\x85", "tongue", 0, 0, ""},
    {"\xF0\x9F\x91\x84", "mouth", 0, 0, ""},
    {"\xF0\x9F\xAB\xA6", "biting lip", 0, 0, ""},
    {"\xF0\x9F\x91\xB6", "baby", 0, 2, "baby"},
    {"\xF0\x9F\x91\xB6\xF0\x9F\x8F\xBB", "", 0, 4, ""},
    {"\xF0\x9F\x91\xB6\xF0\x9F\x8F\xBC", "", 0, 8, ""},
    {"\xF0\x9F\x91\xB6\xF0\x9F\x8F\xBD", "", 0, 12, ""},
    {"\xF0\x9F\x91\xB6\xF0\x9F\x8F\xBE", "", 0, 16, ""},
    {"\xF0\x9F\x91\xB6\xF0\x9F\x8F\xBF", "", 0, 20, ""},
    {"\xF0\x9F\xA7\x92", "child", 0, 2, ""},
    {"\xF0\x9F\xA7\x92\xF0\x9F\x8F\xBB", "", 0, 4, ""},
    {"\xF0\x9F\xA7\x92\xF0\x9F\x8F\xBC", "", 0, 8, ""},
    {"\xF0\x9F\xA7\x92\xF0\x9F\x8F\xBD", "", 0, 12, ""},
    {"\xF0\x9F\xA7\x92\xF0\x9F\x8F\xBE", "", 0, 16, ""},
    {"\xF0\x9F\xA7\x92\xF0\x9F\x8F\xBF", "", 0, 20, ""},
    {"\xF0\x9F\x91\xA6", "boy", 0, 2, ""},
    {"\xF0\x9F\x91\xA6\xF0\x9F\x8F\xBB", "", 0, 4, ""},
    {"\xF0\x9F\x91\xA6\xF0\x9F\x8F\xBC", "", 0, 8, ""},
    {"\xF0\x9F\x91\xA6\xF0\x9F\x8F\xBD", "", 0, 12, ""},
    {"\xF0\x9F\x91\xA6\xF0\x9F\x8F\xBE", "", 0, 16, ""},
    {"\xF0\x9F\x91\xA6\xF0\x9F\x8F\xBF", "", 0, 20, ""},
    {"\xF0\x9F\x91\xA7", "girl", 0, 2, ""},
    {"\xF0\x9F\x91\xA7\xF0\x9F\x8F\xBB", "", 0, 4, ""},
    {"\xF0\x9F\x91\xA7\xF0\x9F\x8F\xBC", "", 0, 8, ""},
    {"\xF0\x9F\x91\xA7\xF0\x9F\x8F\xBD", "", 0, 12, ""},
    {"\xF0\x9F\x91\xA7\xF0\x9F\x8F\xBE", "", 0, 16, ""},
    {"\xF0\x9F\x91\xA7\xF0\x9F\x8F\xBF", "", 0, 20, ""},
    {"\xF0\x9F\xA7\x91", "person", 0, 2, ""},
    {"\xF0\x9F\xA7\x91\xF0\x9F\x8F\xBB", "", 0, 4, ""},
    {"\xF0\x9F\xA7\x91\xF0\x9F\x8F\xBC", "", 0, 8, ""},
    {"\xF0\x9F\xA7\x91\xF0\x9F\x8F\xBD", "", 0, 12, ""},
    {"\xF0\x9F\xA7\x91\xF0\x9F\x8F\xBE", "", 0, 16, ""},
    {"\xF0\x9F\xA7\x91\xF0\x9F\x8F\xBF", "", 0, 20, ""},
    {"\xF0\x9F\x91\xB1", "person: blond hair", 0, 2, ""},
    {"\xF0\x9F\x91\xB1\xF0\x9F\x8F\xBB", "", 0, 4, ""},
    {"\xF0\x9F\x91\xB1\xF0\x9F\x8F\xBC", "", 0, 8, ""},
    {"\xF0\x9F\x91\xB1\xF0\x9F\x8F\xBD", "", 0, 12, ""},
    {"\xF0\x9F\x91\xB1\xF0\x9F\x8F\xBE", "", 0, 16, ""},
    {"\xF0\x9F\x91\xB1\xF0\x9F\x8F\xBF", "", 0, 20, ""},
    {"\xF0\x9F\x91\xA8", "man", 0, 2, ""},
    {"\xF0\x9F\x91\xA8\xF0\x9F\x8F\xBB", "", 0, 4, ""},
    {"\xF0\x9F\x91\xA8\xF0\x9F\x8F\xBC", "", 0, 8, ""},
    {"\xF0\x9F\x91\xA8\xF0\x9F\x8F\xBD", "", 0, 12, ""},
    {"\xF0\x9F\x91\xA8\xF0\x9F\x8F\xBE", "", 0, 16, ""},
    {"\xF0\x9F\x91\xA8\xF0\x9F\x8F\xBF", "", 0, 20, ""},
    {"\xF0\x9F\xA7\x94", "person: beard", 0, 2, ""},
    {"\xF0\x9F\xA7\x94\xF0\x9F\x8F\xBB", "", 0, 4, ""},
    {"\xF0\x9F\xA7\x94\xF0\x9F\x8F\xBC", "", 0, 8, ""},
    {"\xF0\x9F\xA7\x94\xF0\x9F\x8F\xBD", "", 0, 12, ""},
    {"\xF0\x9F\xA7\x94\xF0\x9F\x8F\xBE", "", 0, 16, ""},
    {"\xF0\x9F\xA7\x94\xF0\x9F\x8F\xBF", "", 0, 20, ""},
    {"\xF0\x9F\xA7\x94\xE2\x80\x8D\xE2\x99\x82\xEF\xB8\x8F", "man: beard", 0, 2, ""},
    {"\xF0\x9F\xA7\x94\xF0\x9F\x8F\xBB\xE2\x80\x8D\xE2\x99\x82\xEF\xB8\x8F", "", 0, 4, ""},
    {"\xF0\x9F\xA7\x94\xF0\x9F\x8F\xBC\xE2\x80\x8D\xE2\x99\x82\xEF\xB8\x8F", "", 0, 8, ""},
    {"\xF0\x9F\xA7\x94\xF0\x9F\x8F\xBD\xE2\x80\x8D\xE2\x99\x82\xEF\xB8\x8F", "", 0, 12, ""},
    {"\xF0\x9F\xA7\x94\xF0\x9F\x8F\xBE\xE2\x80\x8D\xE2\x99\x82\xEF\xB8\x8F", "", 0, 16, ""},
    {"\xF0\x9F\xA7\x94\xF0\x9F\x8F\xBF\xE2\x80\x8D\xE2\x99\x82\xEF\xB8\x8F", "", 0, 20, ""},
    {"\xF0\x9F\xA7\x94\xE2\x80\x8D\xE2\x99\x80\xEF\xB8\x8F", "woman: beard", 0, 2, ""},
    {"\xF0\x9F\xA7\x94\xF0\x9F\x8F\xBB\xE2\x80\x8D\xE2\x99\x80\xEF\xB8\x8F", "", 0, 4, ""},
    {"\xF0\x9F\xA7\x94\xF0\x9F\x8F\xBC\xE2\x80\x8D\xE2\x99\x80\xEF\xB8\x8F", "", 0, 8, ""},
    {"\xF0\x9F\xA7\x94\xF0\x9F\x8F\xBD\xE2\x80\x8D\xE2\x99\x80\xEF\xB8\x8F", "", 0, 12, ""},
    {"\xF0\x9F\xA7\x94\xF0\x9F\x8F\xBE\xE2\x80\x8D\xE2\x99\x80\xEF\xB8\x8F", "", 0, 16, ""},
    {"\xF0\x9F\xA7\x94\xF0\x9F\x8F\xBF\xE2\x80\x8D\xE2\x99\x80\xEF\xB8\x8F", "", 0, 20, ""},
    {"\xF0\x9F\x91\xA8\xE2\x80\x8D\xF0\x9F\xA6\xB0", "man: red hair", 0, 2, ""},
    {"\xF0\x9F\x91\xA8\xF0\x9F\x8F\xBB\xE2\x80\x8D\xF0\x9F\xA6\xB0", "", 0, 4, ""},
    {"\xF0\x9F\x91\xA8\xF0\x9F\x8F\xBC\xE2\x80\x8D\xF0\x9F\xA6\xB0", "", 0, 8, ""},
    {"\xF0\x9F\x91\xA8\xF0\x9F\x8F\xBD\xE2\x80\x8D\xF0\x9F\xA6\xB0", "", 0, 12, ""},
    {"\xF0\x9F\x91\xA8\xF0\x9F\x8F\xBE\xE2\x80\x8D\xF0\x9F\xA6\xB0", "", 0, 16, ""},
    {"\xF0\x9F\x91\xA8\xF0\x9F\x8F\xBF\xE2\x80\x8D\xF0\x9F\xA6\xB0", "", 0, 20, ""},
    {"\xF0\x9F\x91\xA8\xE2\x80\x8D\xF0\x9F\xA6\xB1", "man: curly hair", 0, 2, ""},
    {"\xF0\x9F\x91\xA8\xF0\x9F\x8F\xBB\xE2\x80\x8D\xF0\x9F\xA6\xB1", "", 0, 4, ""},
    {"\xF0\x9F\x91\xA8\xF0\x9F\x8F\xBC\xE2\x80\x8D\xF0\x9F\xA6\xB1", "", 0, 8, ""},
    {"\xF0\x9F\x91\xA8\xF0\x9F\x8F\xBD\xE2\x80\x8D\xF0\x9F\xA6\xB1", "", 0, 12, ""},
    {"\xF0\x9F\x91\xA8\xF0\x9F\x8F\xBE\xE2\x80\x8D\xF0\x9F\xA6\xB1", "", 0, 16, ""},
    {"\xF0\x9F\x91\xA8\xF0\x9F\x8F\xBF\xE2\x80\x8D\xF0\x9F\xA6\xB1", "", 0, 20, ""},
    {"\xF0\x9F\x91\xA8\xE2\x80\x8D\xF0\x9F\xA6\xB3", "man: white hair", 0, 2, ""},
    {"\xF0\x9F\x91\xA8\xF0\x9F\x8F\xBB\xE2\x80\x8D\xF0\x9F\xA6\xB3", "", 0, 4, ""},
    {"\xF0\x9F\x91\xA8\xF0\x9F\x8F\xBC\xE2\x80\x8D\xF0\x9F\xA6\xB3", "", 0, 8, ""},
    {"\xF0\x9F\x91\xA8\xF0\x9F\x8F\xBD\xE2\x80\x8D\xF0\x9F\xA6\xB3", "", 0, 12, ""},
    {"\xF0\x9F\x91\xA8\xF0\x9F\x8F\xBE\xE2\x80\x8D\xF0\x9F\xA6\xB3", "", 0, 16, ""},
    {"\xF0\x9F\x91\xA8\xF0\x9F\x8F\xBF\xE2\x80\x8D\xF0\x9F\xA6\xB3", "", 0, 20, ""},
    {"\xF0\x9F\x91\xA8\xE2\x80\x8D\xF0\x9F\xA6\xB2", "man: bald", 0, 2, ""},
    {"\xF0\x9F\x91\xA8\xF0\x9F\x8F\xBB\xE2\x80\x8D\xF0\x9F\xA6\xB2", "", 0, 4, ""},
    {"\xF0\x9F\x91\xA8\xF0\x9F\x8F\xBC\xE2\x80\x8D\xF0\x9F\xA6\xB2", "", 0, 8, ""},
    {"\xF0\x9F\x91\xA8\xF0\x9F\x8F\xBD\xE2\x80\x8D\xF0\x9F\xA6\xB2", "", 0, 12, ""},
    {"\xF0\x9F\x91\xA8\xF0\x9F\x8F\xBE\xE2\x80\x8D\xF0\x9F\xA6\xB2", "", 0, 16, ""},
    {"\xF0\x9F\x91\xA8\xF0\x9F\x8F\xBF\xE2\x80\x8D\xF0\x9F\xA6\xB2", "", 0, 20, ""},
    {"\xF0\x9F\x91\xA9", "woman", 0, 2, ""},
    {"\xF0\x9F\x91\xA9\xF0\x9F\x8F\xBB", "", 0, 4, ""},
    {"\xF0\x9F\x91\xA9\xF0\x9F\x8F\xBC", "", 0, 8, ""},
    {"\xF0\x9F\x91\xA9\xF0\x9F\x8F\xBD", "", 0, 12, ""},
    {"\xF0\x9F\x91\xA9\xF0\x9F\x8F\xBE", "", 0, 16, ""},
    {"\xF0\x9F\x91\xA9\xF0\x9F\x8F\xBF", "", 0, 20, ""},
    {"\xF0\x9F\x91\xA9\xE2\x80\x8D\xF0\x9F\xA6\xB0", "woman: red hair", 0, 2, ""},
    {"\xF0\x9F\x91\xA9\xF0\x9F\x8F\xBB\xE2\x80\x8D\xF0\x9F\xA6\xB0", "", 0, 4, ""},
    {"\xF0\x9F\x91\xA9\xF0\x9F\x8F\xBC\xE2\x80\x8D\xF0\x9F\xA6\xB0", "", 0, 8, ""},
    {"\xF0\x9F\x91\xA9\xF0\x9F\x8F\xBD\xE2\x80\x8D\xF0\x9F\xA6\xB0", "", 0, 12, ""},
    {"\xF0\x9F\x91\xA9\xF0\x9F\x8F\xBE\xE2\x80\x8D\xF0\x9F\xA6\xB0", "", 0, 16, ""},
    {"\xF0\x9F\x91\xA9\xF0\x9F\x8F\xBF\xE2\x80\x8D\xF0\x9F\xA6\xB0", "", 0, 20, ""},
    {"\xF0\x9F\xA7\x91\xE2\x80\x8D\xF0\x9F\xA6\xB0", "person: red hair", 0, 2, ""},
    {"\xF0\x9F\xA7\x91\xF0\x9F\x8F\xBB\xE2\x80\x8D\xF0\x9F\xA6\xB0", "", 0, 4, ""},
    {"\xF0\x9F\xA7\x91\xF0\x9F\x8F\xBC\xE2\x80\x8D\xF0\x9F\xA6\xB0", "", 0, 8, ""},
    {"\xF0\x9F\xA7\x91\xF0\x9F\x8F\xBD\xE2\x80\x8D\xF0\x9F\xA6\xB0", "", 0, 12, ""},
    {"\xF0\x9F\xA7\x91\xF0\x9F\x8F\xBE\xE2\x80\x8D\xF0\x9F\xA6\xB0", "", 0, 16, ""},
    {"\xF0\x9F\xA7\x91\xF0\x9F\x8F\xBF\xE2\x80\x8D\xF0\x9F\xA6\xB0", "", 0, 20, ""},
    {"\xF0\x9F\x91\xA9\xE2\x80\x8D\xF0\x9F\xA6\xB1", "woman: curly hair", 0, 2, ""},
    {"\xF0\x9F\x91\xA9\xF0\x9F\x8F\xBB\xE2\x80\x8D\xF0\x9F\xA6\xB1", "", 0, 4, ""},
    {"\xF0\x9F\x91\xA9\xF0\x9F\x8F\xBC\xE2\x80\x8D\xF0\x9F\xA6\xB1", "", 0, 8, ""},
    {"\xF0\x9F\x91\xA9\xF0\x9F\x8F\xBD\xE2\x80\x8D\xF0\x9F\xA6\xB1", "", 0, 12, ""},
    {"\xF0\x9F\x91\xA9\xF0\x9F\x8F\xBE\xE2\x80\x8D\xF0\x9F\xA6\xB1", "", 0, 16, ""},
    {"\xF0\x9F\x91\xA9\xF0\x9F\x8F\xBF\xE2\x80\x8D\xF0\x9F\xA6\xB1", "", 0, 20, ""},
    {"\xF0\x9F\xA7\x91\xE2\x80\x8D\xF0\x9F\xA6\xB1", "person: curly hair", 0, 2, ""},
    {"\xF0\x9F\xA7\x91\xF0\x9F\x8F\xBB\xE2\x80\x8D\xF0\x9F\xA6\xB1", "", 0, 4, ""},
    {"\xF0\x9F\xA7\x91\xF0\x9F\x8F\xBC\xE2\x80\x8D\xF0\x9F\xA6\xB1", "", 0, 8, ""},
    {"\xF0\x9F\xA7\x91\xF0\x9F\x8F\xBD\xE2\x80\x8D\xF0\x9F\xA6\xB1", "", 0, 12, ""},
    {"\xF0\x9F\xA7\x91\xF0\x9F\x8F\xBE\xE2\x80\x8D\xF0\x9F\xA6\xB1", "", 0, 16, ""},
    {"\xF0\x9F\xA7\x91\xF0\x9F\x8F\xBF\xE2\x80\x8D\xF0\x9F\xA6\xB1", "", 0, 20, ""},
    {"\xF0\x9F\x91\xA9\xE2\x80\x8D\xF0\x9F\xA6\xB3", "woman: white hair", 0, 2, ""},
    {"\xF0\x9F\x91\xA9\xF0\x9F\x8F\xBB\xE2\x80\x8D\xF0\x9F\xA6\xB3", "", 0, 4, ""},
    {"\xF0\x9F\x91\xA9\xF0\x9F\x8F\xBC\xE2\x80\x8D\xF0\x9F\xA6\xB3", "", 0, 8, ""},
    {"\xF0\x9F\x91\xA9\xF0\x9F\x8F\xBD\xE2\x80\x8D\xF0\x9F\xA6\xB3", "", 0, 12, ""},
    {"\xF0\x9F\x91\xA9\xF0\x9F\x8F\xBE\xE2\x80\x8D\xF0\x9F\xA6\xB3", "", 0, 16, ""},
    {"\xF0\x9F\x91\xA9\xF0\x9F\x8F\xBF\xE2\x80\x8D\xF0\x9F\xA6\xB3", "", 0, 20, ""},
    {"\xF0\x9F\xA7\x91\xE2\x80\x8D\xF0\x9F\xA6\xB3", "person: white hair", 0, 2, ""},
    {"\xF0\x9F\xA7\x91\xF0\x9F\x8F\xBB\xE2\x80\x8D\xF0\x9F\xA6\xB3", "", 0, 4, ""},
    {"\xF0\x9F\xA7\x91\xF0\x9F\x8F\xBC\xE2\x80\x8D\xF0\x9F\xA6\xB3", "", 0, 8, ""},
    {"\xF0\x9F\xA7\x91\xF0\x9F\x8F\xBD\xE2\x80\x8D\xF0\x9F\xA6\xB3", "", 0, 12, ""},
    {"\xF0\x9F\xA7\x91\xF0\x9F\x8F\xBE\xE2\x80\x8D\xF0\x9F\xA6\xB3", "", 0, 16, ""},
    {"\xF0\x9F\xA7\x91\xF0\x9F\x8F\xBF\xE2\x80\x8D\xF0\x9F\xA6\xB3", "", 0, 20, ""},
    {"\xF0\x9F\x91\xA9\xE2\x80\x8D\xF0\x9F\xA6\xB2", "woman: bald", 0, 2, ""},
    {"\xF0\x9F\x91\xA9\xF0\x9F\x8F\xBB\xE2\x80\x8D\xF0\x9F\xA6\xB2", "", 0, 4, ""},
    {"\xF0\x9F\x91\xA9\xF0\x9F\x8F\xBC\xE2\x80\x8D\xF0\x9F\xA6\xB2", "", 0, 8, ""},
    {"\xF0\x9F\x91\xA9\xF0\x9F\x8F\xBD\xE2\x80\x8D\xF0\x9F\xA6\xB2", "", 0, 12, ""},
    {"\xF0\x9F\x91\xA9\xF0\x9F\x8F\xBE\xE2\x80\x8D\xF0\x9F\xA6\xB2", "", 0, 16, ""},
    {"\xF0\x9F\x91\xA9\xF0\x9F\x8F\xBF\xE2\x80\x8D\xF0\x9F\xA6\xB2", "", 0, 20, ""},
    {"\xF0\x9F\xA7\x91\xE2\x80\x8D\xF0\x9F\xA6\xB2", "person: bald", 0, 2, ""},
    {"\xF0\x9F\xA7\x91\xF0\x9F\x8F\xBB\xE2\x80\x8D\xF0\x9F\xA6\xB2", "", 0, 4, ""},
    {"\xF0\x9F\xA7\x91\xF0\x9F\x8F\xBC\xE2\x80\x8D\xF0\x9F\xA6\xB2", "", 0, 8, ""},
    {"\xF0\x9F\xA7\x91\xF0\x9F\x8F\xBD\xE2\x80\x8D\xF0\x9F\xA6\xB2", "", 0, 12, ""},
    {"\xF0\x9F\xA7\x91\xF0\x9F\x8F\xBE\xE2\x80\x8D\xF0\x9F\xA6\xB2", "", 0, 16, ""},
    {"\xF0\x9F\xA7\x91\xF0\x9F\x8F\xBF\xE2\x80\x8D\xF0\x9F\xA6\xB2", "", 0, 20, ""},
    {"\xF0\x9F\x91\xB1\xE2\x80\x8D\xE2\x99\x80\xEF\xB8\x8F", "woman: blond hair", 0, 2, ""},
    {"\xF0\x9F\x91\xB1\xF0\x9F\x8F\xBB\xE2\x80\x8D\xE2\x99\x80\xEF\xB8\x8F", "", 0, 4, ""},
    {"\xF0\x9F\x91\xB1\xF0\x9F\x8F\xBC\xE2\x80\x8D\xE2\x99\x80\xEF\xB8\x8F", "", 0, 8, ""},
    {"\xF0\x9F\x91\xB1\xF0\x9F\x8F\xBD\xE2\x80\x8D\xE2\x99\x80\xEF\xB8\x8F", "", 0, 12, ""},
    {"\xF0\x9F\x91\xB1\xF0\x9F\x8F\xBE\xE2\x80\x8D\xE2\x99\x80\xEF\xB8\x8F", "", 0, 16, ""},
    {"\xF0\x9F\x91\xB1\xF0\x9F\x8F\xBF\xE2\x80\x8D\xE2\x99\x80\xEF\xB8\x8F", "", 0, 20, ""},
    {"\xF0\x9F\x91\xB1\xE2\x80\x8D\xE2\x99\x82\xEF\xB8\x8F", "man: blond hair", 0, 2, ""},
    {"\xF0\x9F\x91\xB1\xF0\x9F\x8F\xBB\xE2\x80\x8D\xE2\x99\x82\xEF\xB8\x8F", "", 0, 4, ""},
    {"\xF0\x9F\x91\xB1\xF0\x9F\x8F\xBC\xE2\x80\x8D\xE2\x99\x82\xEF\xB8\x8F", "", 0, 8, ""},
    {"\xF0\x9F\x91\xB1\xF0\x9F\x8F\xBD\xE2\x80\x8D\xE2\x99\x82\xEF\xB8\x8F", "", 0, 12, ""},
    {"\xF0\x9F\x91\xB1\xF0\x9F\x8F\xBE\xE2\x80\x8D\xE2\x99\x82\xEF\xB8\x8F", "", 0, 16, ""},
    {"\xF0\x9F\x91\xB1\xF0\x9F\x8F\xBF\xE2\x80\x8D\xE2\x99\x82\xEF\xB8\x8F", "", 0, 20, ""},
    {"\xF0\x9F\xA7\x93", "older person", 0, 2, ""},
    {"\xF0\x9F\xA7\x93\xF0\x9F\x8F\xBB", "", 0, 4, ""},
    {"\xF0\x9F\xA7\x93\xF0\x9F\x8F\xBC", "", 0, 8, ""},
    {"\xF0\x9F\xA7\x93\xF0\x9F\x8F\xBD", "", 0, 12, ""},
    {"\xF0\x9F\xA7\x93\xF0\x9F\x8F\xBE", "", 0, 16, ""},
    {"\xF0\x9F\xA7\x93\xF0\x9F\x8F\xBF", "", 0, 20, ""},
    {"\xF0\x9F\x91\xB4", "old man", 0, 2, ""},
    {"\xF0\x9F\x91\xB4\xF0\x9F\x8F\xBB", "", 0, 4, ""},
    {"\xF0\x9F\x91\xB4\xF0\x9F\x8F\xBC", "", 0, 8, ""},
    {"\xF0\x9F\x91\xB4\xF0\x9F\x8F\xBD", "", 0, 12, ""},
    {"\xF0\x9F\x91\xB4\xF0\x9F\x8F\xBE", "", 0, 16, ""},
    {"\xF0\x9F\x91\xB4\xF0\x9F\x8F\xBF", "", 0, 20, ""},
    {"\xF0\x9F\x91\xB5", "old woman", 0, 2, ""},
    {"\xF0\x9F\x91\xB5\xF0\x9F\x8F\xBB", "", 0, 4, ""},
    {"\xF0\x9F\x91\xB5\xF0\x9F\x8F\xBC", "", 0, 8, ""},
    {"\xF0\x9F\x91\xB5\xF0\x9F\x8F\xBD", "", 0, 12, ""},
    {"\xF0\x9F\x91\xB5\xF0\x9F\x8F\xBE", "", 0, 16, ""},
    {"\xF0\x9F\x91\xB5\xF0\x9F\x8F\xBF", "", 0, 20, ""},
    {"\xF0\x9F\x99\x8D", "person frowning", 0, 2, ""},
    {"\xF0\x9F\x99\x8D\xF0\x9F\x8F\xBB", "", 0, 4, ""},
    {"\xF0\x9F\x99\x8D\xF0\x9F\x8F\xBC", "", 0, 8, ""},
    {"\xF0\x9F\x99\x8D\xF0\x9F\x8F\xBD", "", 0, 12, ""},
    {"\xF0\x9F\x99\x8D\xF0\x9F\x8F\xBE", "", 0, 16, ""},
    {"\xF0\x9F\x99\x8D\xF0\x9F\x8F\xBF", "", 0, 20, ""},
    {"\xF0\x9F\x99\x8D\xE2\x80\x8D\xE2\x99\x82\xEF\xB8\x8F", "man frowning", 0, 2, ""},
    {"\xF0\x9F\x99\x8D\xF0\x9F\x8F\xBB\xE2\x80\x8D\xE2\x99\x82\xEF\xB8\x8F", "", 0, 4, ""},
    {"\xF0\x9F\x99\x8D\xF0\x9F\x8F\xBC\xE2\x80\x8D\xE2\x99\x82\xEF\xB8\x8F", "", 0, 8, ""},
    {"\xF0\x9F\x99\x8D\xF0\x9F\x8F\xBD\xE2\x80\x8D\xE2\x99\x82\xEF\xB8\x8F", "", 0, 12, ""},
    {"\xF0\x9F\x99\x8D\xF0\x9F\x8F\xBE\xE2\x80\x8D\xE2\x99\x82\xEF\xB8\x8F", "", 0, 16, ""},
    {"\xF0\x9F\x99\x8D\xF0\x9F\x8F\xBF\xE2\x80\x8D\xE2\x99\x82\xEF\xB8\x8F", "", 0, 20, ""},
    {"\xF0\x9F\x99\x8D\xE2\x80\x8D\xE2\x99\x80\xEF\xB8\x8F", "woman frowning", 0, 2, ""},
    {"\xF0\x9F\x99\x8D\xF0\x9F\x8F\xBB\xE2\x80\x8D\xE2\x99\x80\xEF\xB8\x8F", "", 0, 4, ""},
    {"\xF0\x9F\x99\x8D\xF0\x9F\x8F\xBC\xE2\x80\x8D\xE2\x99\x80\xEF\xB8\x8F", "", 0, 8, ""},
    {"\xF0\x9F\x99\x8D\xF0\x9F\x8F\xBD\xE2\x80\x8D\xE2\x99\x80\xEF\xB8\x8F", "", 0, 12, ""},
    {"\xF0\x9F\x99\x8D\xF0\x9F\x8F\xBE\xE2\x80\x8D\xE2\x99\x80\xEF\xB8\x8F", "", 0, 16, ""},
    {"\xF0\x9F\x99\x8D\xF0\x9F\x8F\xBF\xE2\x80\x8D\xE2\x99\x80\xEF\xB8\x8F", "", 0, 20, ""},
    {"\xF0\x9F\x99\x8E", "person pouting", 0, 2, ""},
    {"\xF0\x9F\x99\x8E\xF0\x9F\x8F\xBB", "", 0, 4, ""},
    {"\xF0\x9F\x99\x8E\xF0\x9F\x8F\xBC", "", 0, 8, ""},
    {"\xF0\x9F\x99\x8E\xF0\x9F\x8F\xBD", "", 0, 12, ""},
    {"\xF0\x9F\x99\x8E\xF0\x9F\x8F\xBE", "", 0, 16, ""},
    {"\xF0\x9F\x99\x8E\xF0\x9F\x8F\xBF", "", 0, 20, ""},
    {"\xF0\x9F\x99\x8E\xE2\x80\x8D\xE2\x99\x82\xEF\xB8\x8F", "man pouting", 0, 2, ""},
    {"\xF0\x9F\x99\x8E\xF0\x9F\x8F\xBB\xE2\x80\x8D\xE2\x99\x82\xEF\xB8\x8F", "", 0, 4, ""},
    {"\xF0\x9F\x99\x8E\xF0\x9F\x8F\xBC\xE2\x80\x8D\xE2\x99\x82\xEF\xB8\x8F", "", 0, 8, ""},
    {"\xF0\x9F\x99\x8E\xF0\x9F\x8F\xBD\xE2\x80\x8D\xE2\x99\x82\xEF\xB8\x8F", "", 0, 12, ""},
    {"\xF0\x9F\x99\x8E\xF0\x9F\x8F\xBE\xE2\x80\x8D\xE2\x99\x82\xEF\xB8\x8F", "", 0, 16, ""},
    {"\xF0\x9F\x99\x8E\xF0\x9F\x8F\xBF\xE2\x80\x8D\xE2\x99\x82\xEF\xB8\x8F", "", 0, 20, ""},
    {"\xF0\x9F\x99\x8E\xE2\x80\x8D\xE2\x99\x80\xEF\xB8\x8F", "woman pouting", 0, 2, ""},
    {"\xF0\x9F\x99\x8E\xF0\x9F\x8F\xBB\xE2\x80\x8D\xE2\x99\x80\xEF\xB8\x8F", "", 0, 4, ""},
    {"\xF0\x9F\x99\x8E\xF0\x9F\x8F\xBC\xE2\x80\x8D\xE2\x99\x80\xEF\xB8\x8F", "", 0, 8, ""},
    {"\xF0\x9F\x99\x8E\xF0\x9F\x8F\xBD\xE2\x80\x8D\xE2\x99\x80\xEF\xB8\x8F", "", 0, 12, ""},
    {"\xF0\x9F\x99\x8E\xF0\x9F\x8F\xBE\xE2\x80\x8D\xE2\x99\x80\xEF\xB8\x8F", "", 0, 16, ""},
    {"\xF0\x9F\x99\x8E\xF0\x9F\x8F\xBF\xE2\x80\x8D\xE2\x99\x80\xEF\xB8\x8F", "", 0, 20, ""},
    {"\xF0\x9F\x99\x85", "person gesturing NO", 0, 2, ""},
    {"\xF0\x9F\x99\x85\xF0\x9F\x8F\xBB", "", 0, 4, ""},
    {"\xF0\x9F\x99\x85\xF0\x9F\x8F\xBC", "", 0, 8, ""},
    {"\xF0\x9F\x99\x85\xF0\x9F\x8F\xBD", "", 0, 12, ""},
    {"\xF0\x9F\x99\x85\xF0\x9F\x8F\xBE", "", 0, 16, ""},
    {"\xF0\x9F\x99\x85\xF0\x9F\x8F\xBF", "", 0, 20, ""},
    {"\xF0\x9F\x99\x85\xE2\x80\x8D\xE2\x99\x82\xEF\xB8\x8F", "man gesturing NO", 0, 2, ""},
    {"\xF0\x9F\x99\x85\xF0\x9F\x8F\xBB\xE2\x80\x8D\xE2\x99\x82\xEF\xB8\x8F", "", 0, 4, ""},
    {"\xF0\x9F\x99\x85\xF0\x9F\x8F\xBC\xE2\x80\x8D\xE2\x99\x82\xEF\xB8\x8F", "", 0, 8, ""},
    {"\xF0\x9F\x99\x85\xF0\x9F\x8F\xBD\xE2\x80\x8D\xE2\x99\x82\xEF\xB8\x8F", "", 0, 12, ""},
    {"\xF0\x9F\x99\x85\xF0\x9F\x8F\xBE\xE2\x80\x8D\xE2\x99\x82\xEF\xB8\x8F", "", 0, 16, ""},
    {"\xF0\x9F\x99\x85\xF0\x9F\x8F\xBF\xE2\x80\x8D\xE2\x99\x82\xEF\xB8\x8F", "", 0, 20, ""},
    {"\xF0\x9F\x99\x85\xE2\x80\x8D\xE2\x99\x80\xEF\xB8\x8F", "woman gesturing NO", 0, 2, ""},
    {"\xF0\x9F\x99\x85\xF0\x9F\x8F\xBB\xE2\x80\x8D\xE2\x99\x80\xEF\xB8\x8F", "", 0, 4, ""},
    {"\xF0\x9F\x99\x85\xF0\x9F\x8F\xBC\xE2\x80\x8D\xE2\x99\x80\xEF\xB8\x8F", "", 0, 8, ""},
    {"\xF0\x9F\x99\x85\xF0\x9F\x8F\xBD\xE2\x80\x8D\xE2\x99\x80\xEF\xB8\x8F", "", 0, 12, ""},
    {"\xF0\x9F\x99\x85\xF0\x9F\x8F\xBE\xE2\x80\x8D\xE2\x99\x80\xEF\xB8\x8F", "", 0, 16, ""},
    {"\xF0\x9F\x99\x85\xF0\x9F\x8F\xBF\xE2\x80\x8D\xE2\x99\x80\xEF\xB8\x8F", "", 0, 20, ""},
    {"\xF0\x9F\x99\x86", "person gesturing OK", 0, 2, ""},
    {"\xF0\x9F\x99\x86\xF0\x9F\x8F\xBB", "", 0, 4, ""},
    {"\xF0\x9F\x99\x86\xF0\x9F\x8F\xBC", "", 0, 8, ""},
    {"\xF0\x9F\x99\x86\xF0\x9F\x8F\xBD", "", 0, 12, ""},
    {"\xF0\x9F\x99\x86\xF0\x9F\x8F\xBE", "", 0, 16, ""},
    {"\xF0\x9F\x99\x86\xF0\x9F\x8F\xBF", "", 0, 20, ""},
    {"\xF0\x9F\x99\x86\xE2\x80\x8D\xE2\x99\x82\xEF\xB8\x8F", "man gesturing OK", 0, 2, ""},
    {"\xF0\x9F\x99\x86\xF0\x9F\x8F\xBB\xE2\x80\x8D\xE2\x99\x82\xEF\xB8\x8F", "", 0, 4, ""},
    {"\xF0\x9F\x99\x86\xF0\x9F\x8F\xBC\xE2\x80\x8D\xE2\x99\x82\xEF\xB8\x8F", "", 0, 8, ""},
    {"\xF0\x9F\x99\x86\xF0\x9F\x8F\xBD\xE2\x80\x8D\xE2\x99\x82\xEF\xB8\x8F", "", 0, 12, ""},
    {"\xF0\x9F\x99\x86\xF0\x9F\x8F\xBE\xE2\x80\x8D\xE2\x99\x82\xEF\xB8\x8F", "", 0, 16, ""},
    {"\xF0\x9F\x99\x86\xF0\x9F\x8F\xBF\xE2\x80\x8D\xE2\x99\x82\xEF\xB8\x8F", "", 0, 20, ""},
    {"\xF0\x9F\x99\x86\xE2\x80\x8D\xE2\x99\x80\xEF\xB8\x8F", "woman gesturing OK", 0, 2, ""},
    {"\xF0\x9F\x99\x86\xF0\x9F\x8F\xBB\xE2\x80\x8D\xE2\x99\x80\xEF\xB8\x8F", "", 0, 4, ""},
    {"\xF0\x9F\x99\x86\xF0\x9F\x8F\xBC\xE2\x80\x8D\xE2\x99\x80\xEF\xB8\x8F", "", 0, 8, ""},
    {"\xF0\x9F\x99\x86\xF0\x9F\x8F\xBD\xE2\x80\x8D\xE2\x99\x80\xEF\xB8\x8F", "", 0, 12, ""},
    {"\xF0\x9F\x99\x86\xF0\x9F\x8F\xBE\xE2\x80\x8D\xE2\x99\x80\xEF\xB8\x8F", "", 0, 16, ""},
    {"\xF0\x9F\x99\x86\xF0\x9F\x8F\xBF\xE2\x80\x8D\xE2\x99\x80\xEF\xB8\x8F", "", 0, 20, ""},
    {"\xF0\x9F\x92\x81", "person tipping hand", 0, 2, ""},
    {"\xF0\x9F\x92\x81\xF0\x9F\x8F\xBB", "", 0, 4, ""},
    {"\xF0\x9F\x92\x81\xF0\x9F\x8F\xBC", "", 0, 8, ""},
    {"\xF0\x9F\x92\x81\xF0\x9F\x8F\xBD", "", 0, 12, ""},
    {"\xF0\x9F\x92\x81\xF0\x9F\x8F\xBE", "", 0, 16, ""},
    {"\xF0\x9F\x92\x81\xF0\x9F\x8F\xBF", "", 0, 20, ""},
    {"\xF0\x9F\x92\x81\xE2\x80\x8D\xE2\x99\x82\xEF\xB8\x8F", "man tipping hand", 0, 2, ""},
    {"\xF0\x9F\x92\x81\xF0\x9F\x8F\xBB\xE2\x80\x8D\xE2\x99\x82\xEF\xB8\x8F", "", 0, 4, ""},
    {"\xF0\x9F\x92\x81\xF0\x9F\x8F\xBC\xE2\x80\x8D\xE2\x99\x82\xEF\xB8\x8F", "", 0, 8, ""},
    {"\xF0\x9F\x92\x81\xF0\x9F\x8F\xBD\xE2\x80\x8D\xE2\x99\x82\xEF\xB8\x8F", "", 0, 12, ""},
    {"\xF0\x9F\x92\x81\xF0\x9F\x8F\xBE\xE2\x80\x8D\xE2\x99\x82\xEF\xB8\x8F", "", 0, 16, ""},
    {"\xF0\x9F\x92\x81\xF0\x9F\x8F\xBF\xE2\x80\x8D\xE2\x99\x82\xEF\xB8\x8F", "", 0, 20, ""},
    {"\xF0\x9F\x92\x81\xE2\x80\x8D\xE2\x99\x80\xEF\xB8\x8F", "woman tipping hand", 0, 2, ""},
    {"\xF0\x9F\x92\x81\xF0\x9F\x8F\xBB\xE2\x80\x8D\xE2\x99\x80\xEF\xB8\x8F", "", 0, 4, ""},
    {"\xF0\x9F\x92\x81\xF0\x9F\x8F\xBC\xE2\x80\x8D\xE2\x99\x80\xEF\xB8\x8F", "", 0, 8, ""},
    {"\xF0\x9F\x92\x81\xF0\x9F\x8F\xBD\xE2\x80\x8D\xE2\x99\x80\xEF\xB8\x8F", "", 0, 12, ""},
    {"\xF0\x9F\x92\x81\xF0\x9F\x8F\xBE\xE2\x80\x8D\xE2\x99\x80\xEF\xB8\x8F", "", 0, 16, ""},
    {"\xF0\x9F\x92\x81\xF0\x9F\x8F\xBF\xE2\x80\x8D\xE2\x99\x80\xEF\xB8\x8F", "", 0, 20, ""},
    {"\xF0\x9F\x99\x8B", "person raising hand", 0, 2, "raising_hand hi"},
    {"\xF0\x9F\x99\x8B\xF0\x9F\x8F\xBB", "", 0, 4, ""},
    {"\xF0\x9F\x99\x8B\xF0\x9F\x8F\xBC", "", 0, 8, ""},
    {"\xF0\x9F\x99\x8B\xF0\x9F\x8F\xBD", "", 0, 12, ""},
    {"\xF0\x9F\x99\x8B\xF0\x9F\x8F\xBE", "", 0, 16, ""},
    {"\xF0\x9F\x99\x8B\xF0\x9F\x8F\xBF", "", 0, 20, ""},
    {"\xF0\x9F\x99\x8B\xE2\x80\x8D\xE2\x99\x82\xEF\xB8\x8F", "man raising hand", 0, 2, ""},
    {"\xF0\x9F\x99\x8B\xF0\x9F\x8F\xBB\xE2\x80\x8D\xE2\x99\x82\xEF\xB8\x8F", "", 0, 4, ""},
    {"\xF0\x9F\x99\x8B\xF0\x9F\x8F\xBC\xE2\x80\x8D\xE2\x99\x82\xEF\xB8\x8F", "", 0, 8, ""},
    {"\xF0\x9F\x99\x8B\xF0\x9F\x8F\xBD\xE2\x80\x8D\xE2\x99\x82\xEF\xB8\x8F", "", 0, 12, ""},
    {"\xF0\x9F\x99\x8B\xF0\x9F\x8F\xBE\xE2\x80\x8D\xE2\x99\x82\xEF\xB8\x8F", "", 0, 16, ""},
    {"\xF0\x9F\x99\x8B\xF0\x9F\x8F\xBF\xE2\x80\x8D\xE2\x99\x82\xEF\xB8\x8F", "", 0, 20, ""},
    {"\xF0\x9F\x99\x8B\xE2\x80\x8D\xE2\x99\x80\xEF\xB8\x8F", "woman raising hand", 0, 2, ""},
    {"\xF0\x9F\x99\x8B\xF0\x9F\x8F\xBB\xE2\x80\x8D\xE2\x99\x80\xEF\xB8\x8F", "", 0, 4, ""},
    {"\xF0\x9F\x99\x8B\xF0\x9F\x8F\xBC\xE2\x80\x8D\xE2\x99\x80\xEF\xB8\x8F", "", 0, 8, ""},
    {"\xF0\x9F\x99\x8B\xF0\x9F\x8F\xBD\xE2\x80\x8D\xE2\x99\x80\xEF\xB8\x8F", "", 0, 12, ""},
    {"\xF0\x9F\x99\x8B\xF0\x9F\x8F\xBE\xE2\x80\x8D\xE2\x99\x80\xEF\xB8\x8F", "", 0, 16, ""},
    {"\xF0\x9F\x99\x8B\xF0\x9F\x8F\xBF\xE2\x80\x8D\xE2\x99\x80\xEF\xB8\x8F", "", 0, 20, ""},
    {"\xF0\x9F\xA7\x8F", "deaf person", 0, 2, ""},
    {"\xF0\x9F\xA7\x8F\xF0\x9F\x8F\xBB", "", 0, 4, ""},
    {"\xF0\x9F\xA7\x8F\xF0\x9F\x8F\xBC", "", 0, 8, ""},
    {"\xF0\x9F\xA7\x8F\xF0\x9F\x8F\xBD", "", 0, 12, ""},
    {"\xF0\x9F\xA7\x8F\xF0\x9F\x8F\xBE", "", 0, 16, ""},
    {"\xF0\x9F\xA7\x8F\xF0\x9F\x8F\xBF", "", 0, 20, ""},
    {"\xF0\x9F\xA7\x8F\xE2\x80\x8D\xE2\x99\x82\xEF\xB8\x8F", "deaf man", 0, 2, ""},
    {"\xF0\x9F\xA7\x8F\xF0\x9F\x8F\xBB\xE2\x80\x8D\xE2\x99\x82\xEF\xB8\x8F", "", 0, 4, ""},
    {"\xF0\x9F\xA7\x8F\xF0\x9F\x8F\xBC\xE2\x80\x8D\xE2\x99\x82\xEF\xB8\x8F", "", 0, 8, ""},
    {"\xF0\x9F\xA7\x8F\xF0\x9F\x8F\xBD\xE2\x80\x8D\xE2\x99\x82\xEF\xB8\x8F", "", 0, 12, ""},
    {"\xF0\x9F\xA7\x8F\xF0\x9F\x8F\xBE\xE2\x80\x8D\xE2\x99\x82\xEF\xB8\x8F", "", 0, 16, ""},
    {"\xF0\x9F\xA7\x8F\xF0\x9F\x8F\xBF\xE2\x80\x8D\xE2\x99\x82\xEF\xB8\x8F", "", 0, 20, ""},
    {"\xF0\x9F\xA7\x8F\xE2\x80\x8D\xE2\x99\x80\xEF\xB8\x8F", "deaf woman", 0, 2, ""},
    {"\xF0\x9F\xA7\x8F\xF0\x9F\x8F\xBB\xE2\x80\x8D\xE2\x99\x80\xEF\xB8\x8F", "", 0, 4, ""},
    {"\xF0\x9F\xA7\x8F\xF0\x9F\x8F\xBC\xE2\x80\x8D\xE2\x99\x80\xEF\xB8\x8F", "", 0, 8, ""},
    {"\xF0\x9F\xA7\x8F\xF0\x9F\x8F\xBD\xE2\x80\x8D\xE2\x99\x80\xEF\xB8\x8F", "", 0, 12, ""},
    {"\xF0\x9F\xA7\x8F\xF0\x9F\x8F\xBE\xE2\x80\x8D\xE2\x99\x80\xEF\xB8\x8F", "", 0, 16, ""},
    {"\xF0\x9F\xA7\x8F\xF0\x9F\x8F\xBF\xE2\x80\x8D\xE2\x99\x80\xEF\xB8\x8F", "", 0, 20, ""},
    {"\xF0\x9F\x99\x87", "person bowing", 0, 2, "bow sorry"},
    {"\xF0\x9F\x99\x87\xF0\x9F\x8F\xBB", "", 0, 4, ""},
    {"\xF0\x9F\x99\x87\xF0\x9F\x8F\xBC", "", 0, 8, ""},
    {"\xF0\x9F\x99\x87\xF0\x9F\x8F\xBD", "", 0, 12, ""},
    {"\xF0\x9F\x99\x87\xF0\x9F\x8F\xBE", "", 0, 16, ""},
    {"\xF0\x9F\x99\x87\xF0\x9F\x8F\xBF", "", 0, 20, ""},
    {"\xF0\x9F\x99\x87\xE2\x80\x8D\xE2\x99\x82\xEF\xB8\x8F", "man bowing", 0, 2, ""},
    {"\xF0\x9F\x99\x87\xF0\x9F\x8F\xBB\xE2\x80\x8D\xE2\x99\x82\xEF\xB8\x8F", "", 0, 4, ""},
    {"\xF0\x9F\x99\x87\xF0\x9F\x8F\xBC\xE2\x80\x8D\xE2\x99\x82\xEF\xB8\x8F", "", 0, 8, ""},
    {"\xF0\x9F\x99\x87\xF0\x9F\x8F\xBD\xE2\x80\x8D\xE2\x99\x82\xEF\xB8\x8F", "", 0, 12, ""},
    {"\xF0\x9F\x99\x87\xF0\x9F\x8F\xBE\xE2\x80\x8D\xE2\x99\x82\xEF\xB8\x8F", "", 0, 16, ""},
    {"\xF0\x9F\x99\x87\xF0\x9F\x8F\xBF\xE2\x80\x8D\xE2\x99\x82\xEF\xB8\x8F", "", 0, 20, ""},
    {"\xF0\x9F\x99\x87\xE2\x80\x8D\xE2\x99\x80\xEF\xB8\x8F", "woman bowing", 0, 2, ""},
    {"\xF0\x9F\x99\x87\xF0\x9F\x8F\xBB\xE2\x80\x8D\xE2\x99\x80\xEF\xB8\x8F", "", 0, 4, ""},
    {"\xF0\x9F\x99\x87\xF0\x9F\x8F\xBC\xE2\x80\x8D\xE2\x99\x80\xEF\xB8\x8F", "", 0, 8, ""},
    {"\xF0\x9F\x99\x87\xF0\x9F\x8F\xBD\xE2\x80\x8D\xE2\x99\x80\xEF\xB8\x8F", "", 0, 12, ""},
    {"\xF0\x9F\x99\x87\xF0\x9F\x8F\xBE\xE2\x80\x8D\xE2\x99\x80\xEF\xB8\x8F", "", 0, 16, ""},
    {"\xF0\x9F\x99\x87\xF0\x9F\x8F\xBF\xE2\x80\x8D\xE2\x99\x80\xEF\xB8\x8F", "", 0, 20, ""},
    {"\xF0\x9F\xA4\xA6", "person facepalming", 0, 2, "facepalm"},
    {"\xF0\x9F\xA4\xA6\xF0\x9F\x8F\xBB", "", 0, 4, ""},
    {"\xF0\x9F\xA4\xA6\xF0\x9F\x8F\xBC", "", 0, 8, ""},
    {"\xF0\x9F\xA4\xA6\xF0\x9F\x8F\xBD", "", 0, 12, ""},
    {"\xF0\x9F\xA4\xA6\xF0\x9F\x8F\xBE", "", 0, 16, ""},
    {"\xF0\x9F\xA4\xA6\xF0\x9F\x8F\xBF", "", 0, 20, ""},
    {"\xF0\x9F\xA4\xA6\xE2\x80\x8D\xE2\x99\x82\xEF\xB8\x8F", "man facepalming", 0, 2, ""},
    {"\xF0\x9F\xA4\xA6\xF0\x9F\x8F\xBB\xE2\x80\x8D\xE2\x99\x82\xEF\xB8\x8F", "", 0, 4, ""},
    {"\xF0\x9F\xA4\xA6\xF0\x9F\x8F\xBC\xE2\x80\x8D\xE2\x99\x82\xEF\xB8\x8F", "", 0, 8, ""},
    {"\xF0\x9F\xA4\xA6\xF0\x9F\x8F\xBD\xE2\x80\x8D\xE2\x99\x82\xEF\xB8\x8F", "", 0, 12, ""},
    {"\xF0\x9F\xA4\xA6\xF0\x9F\x8F\xBE\xE2\x80\x8D\xE2\x99\x82\xEF\xB8\x8F", "", 0, 16, ""},
    {"\xF0\x9F\xA4\xA6\xF0\x9F\x8F\xBF\xE2\x80\x8D\xE2\x99\x82\xEF\xB8\x8F", "", 0, 20, ""},
    {"\xF0\x9F\xA4\xA6\xE2\x80\x8D\xE2\x99\x80\xEF\xB8\x8F", "woman facepalming", 0, 2, ""},
    {"\xF0\x9F\xA4\xA6\xF0\x9F\x8F\xBB\xE2\x80\x8D\xE2\x99\x80\xEF\xB8\x8F", "", 0, 4, ""},
    {"\xF0\x9F\xA4\xA6\xF0\x9F\x8F\xBC\xE2\x80\x8D\xE2\x99\x80\xEF\xB8\x8F", "", 0, 8, ""},
    {"\xF0\x9F\xA4\xA6\xF0\x9F\x8F\xBD\xE2\x80\x8D\xE2\x99\x80\xEF\xB8\x8F", "", 0, 12, ""},
    {"\xF0\x9F\xA4\xA6\xF0\x9F\x8F\xBE\xE2\x80\x8D\xE2\x99\x80\xEF\xB8\x8F", "", 0, 16, ""},
    {"\xF0\x9F\xA4\xA6\xF0\x9F\x8F\xBF\xE2\x80\x8D\xE2\x99\x80\xEF\xB8\x8F", "", 0, 20, ""},
    {"\xF0\x9F\xA4\xB7", "person shrugging", 0, 2, "shrug idk"},
    {"\xF0\x9F\xA4\xB7\xF0\x9F\x8F\xBB", "", 0, 4, ""},
    {"\xF0\x9F\xA4\xB7\xF0\x9F\x8F\xBC", "", 0, 8, ""},
    {"\xF0\x9F\xA4\xB7\xF0\x9F\x8F\xBD", "", 0, 12, ""},
    {"\xF0\x9F\xA4\xB7\xF0\x9F\x8F\xBE", "", 0, 16, ""},
    {"\xF0\x9F\xA4\xB7\xF0\x9F\x8F\xBF", "", 0, 20, ""},
    {"\xF0\x9F\xA4\xB7\xE2\x80\x8D\xE2\x99\x82\xEF\xB8\x8F", "man shrugging", 0, 2, ""},
    {"\xF0\x9F\xA4\xB7\xF0\x9F\x8F\xBB\xE2\x80\x8D\xE2\x99\x82\xEF\xB8\x8F", "", 0, 4, ""},
    {"\xF0\x9F\xA4\xB7\xF0\x9F\x8F\xBC\xE2\x80\x8D\xE2\x99\x82\xEF\xB8\x8F", "", 0, 8, ""},
    {"\xF0\x9F\xA4\xB7\xF0\x9F\x8F\xBD\xE2\x80\x8D\xE2\x99\x82\xEF\xB8\x8F", "", 0, 12, ""},
    {"\xF0\x9F\xA4\xB7\xF0\x9F\x8F\xBE\xE2\x80\x8D\xE2\x99\x82\xEF\xB8\x8F", "", 0, 16, ""},
    {"\xF0\x9F\xA4\xB7\xF0\x9F\x8F\xBF\xE2\x80\x8D\xE2\x99\x82\xEF\xB8\x8F", "", 0, 20, ""},
    {"\xF0\x9F\xA4\xB7\xE2\x80\x8D\xE2\x99\x80\xEF\xB8\x8F", "woman shrugging", 0, 2, ""},
    {"\xF0\x9F\xA4\xB7\xF0\x9F\x8F\xBB\xE2\x80\x8D\xE2\x99\x80\xEF\xB8\x8F", "", 0, 4, ""},
    {"\xF0\x9F\xA4\xB7\xF0\x9F\x8F\xBC\xE2\x80\x8D\xE2\x99\x80\xEF\xB8\x8F", "", 0, 8, ""},
    {"\xF0\x9F\xA4\xB7\xF0\x9F\x8F\xBD\xE2\x80\x8D\xE2\x99\x80\xEF\xB8\x8F", "", 0, 12, ""},
    {"\xF0\x9F\xA4\xB7\xF0\x9F\x8F\xBE\xE2\x80\x8D\xE2\x99\x80\xEF\xB8\x8F", "", 0, 16, ""},
    {"\xF0\x9F\xA4\xB7\xF0\x9F\x8F\xBF\xE2\x80\x8D\xE2\x99\x80\xEF\xB8\x8F", "", 0, 20, ""},
    {"\xF0\x9F\xA7\x91\xE2\x80\x8D\xE2\x9A\x95\xEF\xB8\x8F", "health worker", 0, 2, ""},
    {"\xF0\x9F\xA7\x91\xF0\x9F\x8F\xBB\xE2\x80\x8D\xE2\x9A\x95\xEF\xB8\x8F", "", 0, 4, ""},
    {"\xF0\x9F\xA7\x91\xF0\x9F\x8F\xBC\xE2\x80\x8D\xE2\x9A\x95\xEF\xB8\x8F", "", 0, 8, ""},
    {"\xF0\x9F\xA7\x91\xF0\x9F\x8F\xBD\xE2\x80\x8D\xE2\x9A\x95\xEF\xB8\x8F", "", 0, 12, ""},
    {"\xF0\x9F\xA7\x91\xF0\x9F\x8F\xBE\xE2\x80\x8D\xE2\x9A\x95\xEF\xB8\x8F", "", 0, 16, ""},
    {"\xF0\x9F\xA7\x91\xF0\x9F\x8F\xBF\xE2\x80\x8D\xE2\x9A\x95\xEF\xB8\x8F", "", 0, 20, ""},
    {"\xF0\x9F\x91\xA8\xE2\x80\x8D\xE2\x9A\x95\xEF\xB8\x8F", "man health worker", 0, 2, ""},
    {"\xF0\x9F\x91\xA8\xF0\x9F\x8F\xBB\xE2\x80\x8D\xE2\x9A\x95\xEF\xB8\x8F", "", 0, 4, ""},
    {"\xF0\x9F\x91\xA8\xF0\x9F\x8F\xBC\xE2\x80\x8D\xE2\x9A\x95\xEF\xB8\x8F", "", 0, 8, ""},
    {"\xF0\x9F\x91\xA8\xF0\x9F\x8F\xBD\xE2\x80\x8D\xE2\x9A\x95\xEF\xB8\x8F", "", 0, 12, ""},
    {"\xF0\x9F\x91\xA8\xF0\x9F\x8F\xBE\xE2\x80\x8D\xE2\x9A\x95\xEF\xB8\x8F", "", 0, 16, ""},
    {"\xF0\x9F\x91\xA8\xF0\x9F\x8F\xBF\xE2\x80\x8D\xE2\x9A\x95\xEF\xB8\x8F", "", 0, 20, ""},
    {"\xF0\x9F\x91\xA9\xE2\x80\x8D\xE2\x9A\x95\xEF\xB8\x8F", "woman health worker", 0, 2, ""},
    {"\xF0\x9F\x91\xA9\xF0\x9F\x8F\xBB\xE2\x80\x8D\xE2\x9A\x95\xEF\xB8\x8F", "", 0, 4, ""},
    {"\xF0\x9F\x91\xA9\xF0\x9F\x8F\xBC\xE2\x80\x8D\xE2\x9A\x95\xEF\xB8\x8F", "", 0, 8, ""},
    {"\xF0\x9F\x91\xA9\xF0\x9F\x8F\xBD\xE2\x80\x8D\xE2\x9A\x95\xEF\xB8\x8F", "", 0, 12, ""},
    {"\xF0\x9F\x91\xA9\xF0\x9F\x8F\xBE\xE2\x80\x8D\xE2\x9A\x95\xEF\xB8\x8F", "", 0, 16, ""},
    {"\xF0\x9F\x91\xA9\xF0\x9F\x8F\xBF\xE2\x80\x8D\xE2\x9A\x95\xEF\xB8\x8F", "", 0, 20, ""},
    {"\xF0\x9F\xA7\x91\xE2\x80\x8D\xF0\x9F\x8E\x93", "student", 0, 2, ""},
    {"\xF0\x9F\xA7\x91\xF0\x9F\x8F\xBB\xE2\x80\x8D\xF0\x9F\x8E\x93", "", 0, 4, ""},
    {"\xF0\x9F\xA7\x91\xF0\x9F\x8F\xBC\xE2\x80\x8D\xF0\x9F\x8E\x93", "", 0, 8, ""},
    {"\xF0\x9F\xA7\x91\xF0\x9F\x8F\xBD\xE2\x80\x8D\xF0\x9F\x8E\x93", "", 0, 12, ""},
    {"\xF0\x9F\xA7\x91\xF0\x9F\x8F\xBE\xE2\x80\x8D\xF0\x9F\x8E\x93", "", 0, 16, ""},
    {"\xF0\x9F\xA7\x91\xF0\x9F\x8F\xBF\xE2\x80\x8D\xF0\x9F\x8E\x93", "", 0, 20, ""},
    {"\xF0\x9F\x91\xA8\xE2\x80\x8D\xF0\x9F\x8E\x93", "man student", 0, 2, ""},
    {"\xF0\x9F\x91\xA8\xF0\x9F\x8F\xBB\xE2\x80\x8D\xF0\x9F\x8E\x93", "", 0, 4, ""},
    {"\xF0\x9F\x91\xA8\xF0\x9F\x8F\xBC\xE2\x80\x8D\xF0\x9F\x8E\x93", "", 0, 8, ""},
    {"\xF0\x9F\x91\xA8\xF0\x9F\x8F\xBD\xE2\x80\x8D\xF0\x9F\x8E\x93", "", 0, 12, ""},
    {"\xF0\x9F\x91\xA8\xF0\x9F\x8F\xBE\xE2\x80\x8D\xF0\x9F\x8E\x93", "", 0, 16, ""},
    {"\xF0\x9F\x91\xA8\xF0\x9F\x8F\xBF\xE2\x80\x8D\xF0\x9F\x8E\x93", "", 0, 20, ""},
    {"\xF0\x9F\x91\xA9\xE2\x80\x8D\xF0\x9F\x8E\x93", "woman student", 0, 2, ""},
    {"\xF0\x9F\x91\xA9\xF0\x9F\x8F\xBB\xE2\x80\x8D\xF0\x9F\x8E\x93", "", 0, 4, ""},
    {"\xF0\x9F\x91\xA9\xF0\x9F\x8F\xBC\xE2\x80\x8D\xF0\x9F\x8E\x93", "", 0, 8, ""},
    {"\xF0\x9F\x91\xA9\xF0\x9F\x8F\xBD\xE2\x80\x8D\xF0\x9F\x8E\x93", "", 0, 12, ""},
    {"\xF0\x9F\x91\xA9\xF0\x9F\x8F\xBE\xE2\x80\x8D\xF0\x9F\x8E\x93", "", 0, 16, ""},
    {"\xF0\x9F\x91\xA9\xF0\x9F\x8F\xBF\xE2\x80\x8D\xF0\x9F\x8E\x93", "", 0, 20, ""},
    {"\xF0\x9F\xA7\x91\xE2\x80\x8D\xF0\x9F\x8F\xAB", "teacher", 0, 2, ""},
    {"\xF0\x9F\xA7\x91\xF0\x9F\x8F\xBB\xE2\x80\x8D\xF0\x9F\x8F\xAB", "", 0, 4, ""},
    {"\xF0\x9F\xA7\x91\xF0\x9F\x8F\xBC\xE2\x80\x8D\xF0\x9F\x8F\xAB", "", 0, 8, ""},
    {"\xF0\x9F\xA7\x91\xF0\x9F\x8F\xBD\xE2\x80\x8D\xF0\x9F\x8F\xAB", "", 0, 12, ""},
    {"\xF0\x9F\xA7\x91\xF0\x9F\x8F\xBE\xE2\x80\x8D\xF0\x9F\x8F\xAB", "", 0, 16, ""},
    {"\xF0\x9F\xA7\x91\xF0\x9F\x8F\xBF\xE2\x80\x8D\xF0\x9F\x8F\xAB", "", 0, 20, ""},
    {"\xF0\x9F\x91\xA8\xE2\x80\x8D\xF0\x9F\x8F\xAB", "man teacher", 0, 2, ""},
    {"\xF0\x9F\x91\xA8\xF0\x9F\x8F\xBB\xE2\x80\x8D\xF0\x9F\x8F\xAB", "", 0, 4, ""},
    {"\xF0\x9F\x91\xA8\xF0\x9F\x8F\xBC\xE2\x80\x8D\xF0\x9F\x8F\xAB", "", 0, 8, ""},
    {"\xF0\x9F\x91\xA8\xF0\x9F\x8F\xBD\xE2\x80\x8D\xF0\x9F\x8F\xAB", "", 0, 12, ""},
    {"\xF0\x9F\x91\xA8\xF0\x9F\x8F\xBE\xE2\x80\x8D\xF0\x9F\x8F\xAB", "", 0, 16, ""},
    {"\xF0\x9F\x91\xA8\xF0\x9F\x8F\xBF\xE2\x80\x8D\xF0\x9F\x8F\xAB", "", 0, 20, ""},
    {"\xF0\x9F\x91\xA9\xE2\x80\x8D\xF0\x9F\x8F\xAB", "woman teacher", 0, 2, ""},
    {"\xF0\x9F\x91\xA9\xF0\x9F\x8F\xBB\xE2\x80\x8D\xF0\x9F\x8F\xAB", "", 0, 4, ""},
    {"\xF0\x9F\x91\xA9\xF0\x9F\x8F\xBC\xE2\x80\x8D\xF0\x9F\x8F\xAB", "", 0, 8, ""},
    {"\xF0\x9F\x91\xA9\xF0\x9F\x8F\xBD\xE2\x80\x8D\xF0\x9F\x8F\xAB", "", 0, 12, ""},
    {"\xF0\x9F\x91\xA9\xF0\x9F\x8F\xBE\xE2\x80\x8D\xF0\x9F\x8F\xAB", "", 0, 16, ""},
    {"\xF0\x9F\x91\xA9\xF0\x9F\x8F\xBF\xE2\x80\x8D\xF0\x9F\x8F\xAB", "", 0, 20, ""},
    {"\xF0\x9F\xA7\x91\xE2\x80\x8D\xE2\x9A\x96\xEF\xB8\x8F", "judge", 0, 2, ""},
    {"\xF0\x9F\xA7\x91\xF0\x9F\x8F\xBB\xE2\x80\x8D\xE2\x9A\x96\xEF\xB8\x8F", "", 0, 4, ""},
    {"\xF0\x9F\xA7\x91\xF0\x9F\x8F\xBC\xE2\x80\x8D\xE2\x9A\x96\xEF\xB8\x8F", "", 0, 8, ""},
    {"\xF0\x9F\xA7\x91\xF0\x9F\x8F\xBD\xE2\x80\x8D\xE2\x9A\x96\xEF\xB8\x8F", "", 0, 12, ""},
    {"\xF0\x9F\xA7\x91\xF0\x9F\x8F\xBE\xE2\x80\x8D\xE2\x9A\x96\xEF\xB8\x8F", "", 0, 16, ""},
    {"\xF0\x9F\xA7\x91\xF0\x9F\x8F\xBF\xE2\x80\x8D\xE2\x9A\x96\xEF\xB8\x8F", "", 0, 20, ""},
    {"\xF0\x9F\x91\xA8\xE2\x80\x8D\xE2\x9A\x96\xEF\xB8\x8F", "man judge", 0, 2, ""},
    {"\xF0\x9F\x91\xA8\xF0\x9F\x8F\xBB\xE2\x80\x8D\xE2\x9A\x96\xEF\xB8\x8F", "", 0, 4, ""},
    {"\xF0\x9F\x91\xA8\xF0\x9F\x8F\xBC\xE2\x80\x8D\xE2\x9A\x96\xEF\xB8\x8F", "", 0, 8, ""},
    {"\xF0\x9F\x91\xA8\xF0\x9F\x8F\xBD\xE2\x80\x8D\xE2\x9A\x96\xEF\xB8\x8F", "", 0, 12, ""},
    {"\xF0\x9F\x91\xA8\xF0\x9F\x8F\xBE\xE2\x80\x8D\xE2\x9A\x96\xEF\xB8\x8F", "", 0, 16, ""},
    {"\xF0\x9F\x91\xA8\xF0\x9F\x8F\xBF\xE2\x80\x8D\xE2\x9A\x96\xEF\xB8\x8F", "", 0, 20, ""},
    {"\xF0\x9F\x91\xA9\xE2\x80\x8D\xE2\x9A\x96\xEF\xB8\x8F", "woman judge", 0, 2, ""},
    {"\xF0\x9F\x91\xA9\xF0\x9F\x8F\xBB\xE2\x80\x8D\xE2\x9A\x96\xEF\xB8\x8F", "", 0, 4, ""},
    {"\xF0\x9F\x91\xA9\xF0\x9F\x8F\xBC\xE2\x80\x8D\xE2\x9A\x96\xEF\xB8\x8F", "", 0, 8, ""},
    {"\xF0\x9F\x91\xA9\xF0\x9F\x8F\xBD\xE2\x80\x8D\xE2\x9A\x96\xEF\xB8\x8F", "", 0, 12, ""},
    {"\xF0\x9F\x91\xA9\xF0\x9F\x8F\xBE\xE2\x80\x8D\xE2\x9A\x96\xEF\xB8\x8F", "", 0, 16, ""},
    {"\xF0\x9F\x91\xA9\xF0\x9F\x8F\xBF\xE2\x80\x8D\xE2\x9A\x96\xEF\xB8\x8F", "", 0, 20, ""},
    {"\xF0\x9F\xA7\x91\xE2\x80\x8D\xF0\x9F\x8C\xBE", "farmer", 0, 2, ""},
    {"\xF0\x9F\xA7\x91\xF0\x9F\x8F\xBB\xE2\x80\x8D\xF0\x9F\x8C\xBE", "", 0, 4, ""},
    {"\xF0\x9F\xA7\x91\xF0\x9F\x8F\xBC\xE2\x80\x8D\xF0\x9F\x8C\xBE", "", 0, 8, ""},
    {"\xF0\x9F\xA7\x91\xF0\x9F\x8F\xBD\xE2\x80\x8D\xF0\x9F\x8C\xBE", "", 0, 12, ""},
    {"\xF0\x9F\xA7\x91\xF0\x9F\x8F\xBE\xE2\x80\x8D\xF0\x9F\x8C\xBE", "", 0, 16, ""},
    {"\xF0\x9F\xA7\x91\xF0\x9F\x8F\xBF\xE2\x80\x8D\xF0\x9F\x8C\xBE", "", 0, 20, ""},
    {"\xF0\x9F\x91\xA8\xE2\x80\x8D\xF0\x9F\x8C\xBE", "man farmer", 0, 2, ""},
    {"\xF0\x9F\x91\xA8\xF0\x9F\x8F\xBB\xE2\x80\x8D\xF0\x9F\x8C\xBE", "", 0, 4, ""},
    {"\xF0\x9F\x91\xA8\xF0\x9F\x8F\xBC\xE2\x80\x8D\xF0\x9F\x8C\xBE", "", 0, 8, ""},
    {"\xF0\x9F\x91\xA8\xF0\x9F\x8F\xBD\xE2\x80\x8D\xF0\x9F\x8C\xBE", "", 0, 12, ""},
    {"\xF0\x9F\x91\xA8\xF0\x9F\x8F\xBE\xE2\x80\x8D\xF0\x9F\x8C\xBE", "", 0, 16, ""},
    {"\xF0\x9F\x91\xA8\xF0\x9F\x8F\xBF\xE2\x80\x8D\xF0\x9F\x8C\xBE", "", 0, 20, ""},
    {"\xF0\x9F\x91\xA9\xE2\x80\x8D\xF0\x9F\x8C\xBE", "woman farmer", 0, 2, ""},
    {"\xF0\x9F\x91\xA9\xF0\x9F\x8F\xBB\xE2\x80\x8D\xF0\x9F\x8C\xBE", "", 0, 4, ""},
    {"\xF0\x9F\x91\xA9\xF0\x9F\x8F\xBC\xE2\x80\x8D\xF0\x9F\x8C\xBE", "", 0, 8, ""},
    {"\xF0\x9F\x91\xA9\xF0\x9F\x8F\xBD\xE2\x80\x8D\xF0\x9F\x8C\xBE", "", 0, 12, ""},
    {"\xF0\x9F\x91\xA9\xF0\x9F\x8F\xBE\xE2\x80\x8D\xF0\x9F\x8C\xBE", "", 0, 16, ""},
    {"\xF0\x9F\x91\xA9\xF0\x9F\x8F\xBF\xE2\x80\x8D\xF0\x9F\x8C\xBE", "", 0, 20, ""},
    {"\xF0\x9F\xA7\x91\xE2\x80\x8D\xF0\x9F\x8D\xB3", "cook", 0, 2, ""},
    {"\xF0\x9F\xA7\x91\xF0\x9F\x8F\xBB\xE2\x80\x8D\xF0\x9F\x8D\xB3", "", 0, 4, ""},
    {"\xF0\x9F\xA7\x91\xF0\x9F\x8F\xBC\xE2\x80\x8D\xF0\x9F\x8D\xB3", "", 0, 8, ""},
    {"\xF0\x9F\xA7\x91\xF0\x9F\x8F\xBD\xE2\x80\x8D\xF0\x9F\x8D\xB3", "", 0, 12, ""},
    {"\xF0\x9F\xA7\x91\xF0\x9F\x8F\xBE\xE2\x80\x8D\xF0\x9F\x8D\xB3", "", 0, 16, ""},
    {"\xF0\x9F\xA7\x91\xF0\x9F\x8F\xBF\xE2\x80\x8D\xF0\x9F\x8D\xB3", "", 0, 20, ""},
    {"\xF0\x9F\x91\xA8\xE2\x80\x8D\xF0\x9F\x8D\xB3", "man cook", 0, 2, ""},
    {"\xF0\x9F\x91\xA8\xF0\x9F\x8F\xBB\xE2\x80\x8D\xF0\x9F\x8D\xB3", "", 0, 4, ""},
    {"\xF0\x9F\x91\xA8\xF0\x9F\x8F\xBC\xE2\x80\x8D\xF0\x9F\x8D\xB3", "", 0, 8, ""},
    {"\xF0\x9F\x91\xA8\xF0\x9F\x8F\xBD\xE2\x80\x8D\xF0\x9F\x8D\xB3", "", 0, 12, ""},
    {"\xF0\x9F\x91\xA8\xF0\x9F\x8F\xBE\xE2\x80\x8D\xF0\x9F\x8D\xB3", "", 0, 16, ""},
    {"\xF0\x9F\x91\xA8\xF0\x9F\x8F\xBF\xE2\x80\x8D\xF0\x9F\x8D\xB3", "", 0, 20, ""},
    {"\xF0\x9F\x91\xA9\xE2\x80\x8D\xF0\x9F\x8D\xB3", "woman cook", 0, 2, ""},
    {"\xF0\x9F\x91\xA9\xF0\x9F\x8F\xBB\xE2\x80\x8D\xF0\x9F\x8D\xB3", "", 0, 4, ""},
    {"\xF0\x9F\x91\xA9\xF0\x9F\x8F\xBC\xE2\x80\x8D\xF0\x9F\x8D\xB3", "", 0, 8, ""},
    {"\xF0\x9F\x91\xA9\xF0\x9F\x8F\xBD\xE2\x80\x8D\xF0\x9F\x8D\xB3", "", 0, 12, ""},
    {"\xF0\x9F\x91\xA9\xF0\x9F\x8F\xBE\xE2\x80\x8D\xF0\x9F\x8D\xB3", "", 0, 16, ""},
    {"\xF0\x9F\x91\xA9\xF0\x9F\x8F\xBF\xE2\x80\x8D\xF0\x9F\x8D\xB3", "", 0, 20, ""},
    {"\xF0\x9F\xA7\x91\xE2\x80\x8D\xF0\x9F\x94\xA7", "mechanic", 0, 2, ""},
    {"\xF0\x9F\xA7\x91\xF0\x9F\x8F\xBB\xE2\x80\x8D\xF0\x9F\x94\xA7", "", 0, 4, ""},
    {"\xF0\x9F\xA7\x91\xF0\x9F\x8F\xBC\xE2\x80\x8D\xF0\x9F\x94\xA7", "", 0, 8, ""},
    {"\xF0\x9F\xA7\x91\xF0\x9F\x8F\xBD\xE2\x80\x8D\xF0\x9F\x94\xA7", "", 0, 12, ""},
    {"\xF0\x9F\xA7\x91\xF0\x9F\x8F\xBE\xE2\x80\x8D\xF0\x9F\x94\xA7", "", 0, 16, ""},
    {"\xF0\x9F\xA7\x91\xF0\x9F\x8F\xBF\xE2\x80\x8D\xF0\x9F\x94\xA7", "", 0, 20, ""},
    {"\xF0\x9F\x91\xA8\xE2\x80\x8D\xF0\x9F\x94\xA7", "man mechanic", 0, 2, ""},
    {"\xF0\x9F\x91\xA8\xF0\x9F\x8F\xBB\xE2\x80\x8D\xF0\x9F\x94\xA7", "", 0, 4, ""},
    {"\xF0\x9F\x91\xA8\xF0\x9F\x8F\xBC\xE2\x80\x8D\xF0\x9F\x94\xA7", "", 0, 8, ""},
    {"\xF0\x9F\x91\xA8\xF0\x9F\x8F\xBD\xE2\x80\x8D\xF0\x9F\x94\xA7", "", 0, 12, ""},
    {"\xF0\x9F\x91\xA8\xF0\x9F\x8F\xBE\xE2\x80\x8D\xF0\x9F\x94\xA7", "", 0, 16, ""},
    {"\xF0\x9F\x91\xA8\xF0\x9F\x8F\xBF\xE2\x80\x8D\xF0\x9F\x94\xA7", "", 0, 20, ""},
    {"\xF0\x9F\x91\xA9\xE2\x80\x8D\xF0\x9F\x94\xA7", "woman mechanic", 0, 2, ""},
    {"\xF0\x9F\x91\xA9\xF0\x9F\x8F\xBB\xE2\x80\x8D\xF0\x9F\x94\xA7", "", 0, 4, ""},
    {"\xF0\x9F\x91\xA9\xF0\x9F\x8F\xBC\xE2\x80\x8D\xF0\x9F\x94\xA7", "", 0, 8, ""},
    {"\xF0\x9F\x91\xA9\xF0\x9F\x8F\xBD\xE2\x80\x8D\xF0\x9F\x94\xA7", "", 0, 12, ""},
    {"\xF0\x9F\x91\xA9\xF0\x9F\x8F\xBE\xE2\x80\x8D\xF0\x9F\x94\xA7", "", 0, 16, ""},
    {"\xF0\x9F\x91\xA9\xF0\x9F\x8F\xBF\xE2\x80\x8D\xF0\x9F\x94\xA7", "", 0, 20, ""},
    {"\xF0\x9F\xA7\x91\xE2\x80\x8D\xF0\x9F\x8F\xAD", "factory worker", 0, 2, ""},
    {"\xF0\x9F\xA7\x91\xF0\x9F\x8F\xBB\xE2\x80\x8D\xF0\x9F\x8F\xAD", "", 0, 4, ""},
    {"\xF0\x9F\xA7\x91\xF0\x9F\x8F\xBC\xE2\x80\x8D\xF0\x9F\x8F\xAD", "", 0, 8, ""},
    {"\xF0\x9F\xA7\x91\xF0\x9F\x8F\xBD\xE2\x80\x8D\xF0\x9F\x8F\xAD", "", 0, 12, ""},
    {"\xF0\x9F\xA7\x91\xF0\x9F\x8F\xBE\xE2\x80\x8D\xF0\x9F\x8F\xAD", "", 0, 16, ""},
    {"\xF0\x9F\xA7\x91\xF0\x9F\x8F\xBF\xE2\x80\x8D\xF0\x9F\x8F\xAD", "", 0, 20, ""},
    {"\xF0\x9F\x91\xA8\xE2\x80\x8D\xF0\x9F\x8F\xAD", "man factory worker", 0, 2, ""},
    {"\xF0\x9F\x91\xA8\xF0\x9F\x8F\xBB\xE2\x80\x8D\xF0\x9F\x8F\xAD", "", 0, 4, ""},
    {"\xF0\x9F\x91\xA8\xF0\x9F\x8F\xBC\xE2\x80\x8D\xF0\x9F\x8F\xAD", "", 0, 8, ""},
    {"\xF0\x9F\x91\xA8\xF0\x9F\x8F\xBD\xE2\x80\x8D\xF0\x9F\x8F\xAD", "", 0, 12, ""},
    {"\xF0\x9F\x91\xA8\xF0\x9F\x8F\xBE\xE2\x80\x8D\xF0\x9F\x8F\xAD", "", 0, 16, ""},
    {"\xF0\x9F\x91\xA8\xF0\x9F\x8F\xBF\xE2\x80\x8D\xF0\x9F\x8F\xAD", "", 0, 20, ""},
    {"\xF0\x9F\x91\xA9\xE2\x80\x8D\xF0\x9F\x8F\xAD", "woman factory worker", 0, 2, ""},
    {"\xF0\x9F\x91\xA9\xF0\x9F\x8F\xBB\xE2\x80\x8D\xF0\x9F\x8F\xAD", "", 0, 4, ""},
    {"\xF0\x9F\x91\xA9\xF0\x9F\x8F\xBC\xE2\x80\x8D\xF0\x9F\x8F\xAD", "", 0, 8, ""},
    {"\xF0\x9F\x91\xA9\xF0\x9F\x8F\xBD\xE2\x80\x8D\xF0\x9F\x8F\xAD", "", 0, 12, ""},
    {"\xF0\x9F\x91\xA9\xF0\x9F\x8F\xBE\xE2\x80\x8D\xF0\x9F\x8F\xAD", "", 0, 16, ""},
    {"\xF0\x9F\x91\xA9\xF0\x9F\x8F\xBF\xE2\x80\x8D\xF0\x9F\x8F\xAD", "", 0, 20, ""},
    {"\xF0\x9F\xA7\x91\xE2\x80\x8D\xF0\x9F\x92\xBC", "office worker", 0, 2, ""},
    {"\xF0\x9F\xA7\x91\xF0\x9F\x8F\xBB\xE2\x80\x8D\xF0\x9F\x92\xBC", "", 0, 4, ""},
    {"\xF0\x9F\xA7\x91\xF0\x9F\x8F\xBC\xE2\x80\x8D\xF0\x9F\x92\xBC", "", 0, 8, ""},
    {"\xF0\x9F\xA7\x91\xF0\x9F\x8F\xBD\xE2\x80\x8D\xF0\x9F\x92\xBC", "", 0, 12, ""},
    {"\xF0\x9F\xA7\x91\xF0\x9F\x8F\xBE\xE2\x80\x8D\xF0\x9F\x92\xBC", "", 0, 16, ""},
    {"\xF0\x9F\xA7\x91\xF0\x9F\x8F\xBF\xE2\x80\x8D\xF0\x9F\x92\xBC", "", 0, 20, ""},
    {"\xF0\x9F\x91\xA8\xE2\x80\x8D\xF0\x9F\x92\xBC", "man office worker", 0, 2, ""},
    {"\xF0\x9F\x91\xA8\xF0\x9F\x8F\xBB\xE2\x80\x8D\xF0\x9F\x92\xBC", "", 0, 4, ""},
    {"\xF0\x9F\x91\xA8\xF0\x9F\x8F\xBC\xE2\x80\x8D\xF0\x9F\x92\xBC", "", 0, 8, ""},
    {"\xF0\x9F\x91\xA8\xF0\x9F\x8F\xBD\xE2\x80\x8D\xF0\x9F\x92\xBC", "", 0, 12, ""},
    {"\xF0\x9F\x91\xA8\xF0\x9F\x8F\xBE\xE2\x80\x8D\xF0\x9F\x92\xBC", "", 0, 16, ""},
    {"\xF0\x9F\x91\xA8\xF0\x9F\x8F\xBF\xE2\x80\x8D\xF0\x9F\x92\xBC", "", 0, 20, ""},
    {"\xF0\x9F\x91\xA9\xE2\x80\x8D\xF0\x9F\x92\xBC", "woman office worker", 0, 2, ""},
    {"\xF0\x9F\x91\xA9\xF0\x9F\x8F\xBB\xE2\x80\x8D\xF0\x9F\x92\xBC", "", 0, 4, ""},
    {"\xF0\x9F\x91\xA9\xF0\x9F\x8F\xBC\xE2\x80\x8D\xF0\x9F\x92\xBC", "", 0, 8, ""},
    {"\xF0\x9F\x91\xA9\xF0\x9F\x8F\xBD\xE2\x80\x8D\xF0\x9F\x92\xBC", "", 0, 12, ""},
    {"\xF0\x9F\x91\xA9\xF0\x9F\x8F\xBE\xE2\x80\x8D\xF0\x9F\x92\xBC", "", 0, 16, ""},
    {"\xF0\x9F\x91\xA9\xF0\x9F\x8F\xBF\xE2\x80\x8D\xF0\x9F\x92\xBC", "", 0, 20, ""},
    {"\xF0\x9F\xA7\x91\xE2\x80\x8D\xF0\x9F\x94\xAC", "scientist", 0, 2, ""},
    {"\xF0\x9F\xA7\x91\xF0\x9F\x8F\xBB\xE2\x80\x8D\xF0\x9F\x94\xAC", "", 0, 4, ""},
    {"\xF0\x9F\xA7\x91\xF0\x9F\x8F\xBC\xE2\x80\x8D\xF0\x9F\x94\xAC", "", 0, 8, ""},
    {"\xF0\x9F\xA7\x91\xF0\x9F\x8F\xBD\xE2\x80\x8D\xF0\x9F\x94\xAC", "", 0, 12, ""},
    {"\xF0\x9F\xA7\x91\xF0\x9F\x8F\xBE\xE2\x80\x8D\xF0\x9F\x94\xAC", "", 0, 16, ""},
    {"\xF0\x9F\xA7\x91\xF0\x9F\x8F\xBF\xE2\x80\x8D\xF0\x9F\x94\xAC", "", 0, 20, ""},
    {"\xF0\x9F\x91\xA8\xE2\x80\x8D\xF0\x9F\x94\xAC", "man scientist", 0, 2, ""},
    {"\xF0\x9F\x91\xA8\xF0\x9F\x8F\xBB\xE2\x80\x8D\xF0\x9F\x94\xAC", "", 0, 4, ""},
    {"\xF0\x9F\x91\xA8\xF0\x9F\x8F\xBC\xE2\x80\x8D\xF0\x9F\x94\xAC", "", 0, 8, ""},
    {"\xF0\x9F\x91\xA8\xF0\x9F\x8F\xBD\xE2\x80\x8D\xF0\x9F\x94\xAC", "", 0, 12, ""},
    {"\xF0\x9F\x91\xA8\xF0\x9F\x8F\xBE\xE2\x80\x8D\xF0\x9F\x94\xAC", "", 0, 16, ""},
    {"\xF0\x9F\x91\xA8\xF0\x9F\x8F\xBF\xE2\x80\x8D\xF0\x9F\x94\xAC", "", 0, 20, ""},
    {"\xF0\x9F\x91\xA9\xE2\x80\x8D\xF0\x9F\x94\xAC", "woman scientist", 0, 2, ""},
    {"\xF0\x9F\x91\xA9\xF0\x9F\x8F\xBB\xE2\x80\x8D\xF0\x9F\x94\xAC", "", 0, 4, ""},
    {"\xF0\x9F\x91\xA9\xF0\x9F\x8F\xBC\xE2\x80\x8D\xF0\x9F\x94\xAC", "", 0, 8, ""},
    {"\xF0\x9F\x91\xA9\xF0\x9F\x8F\xBD\xE2\x80\x8D\xF0\x9F\x94\xAC", "", 0, 12, ""},
    {"\xF0\x9F\x91\xA9\xF0\x9F\x8F\xBE\xE2\x80\x8D\xF0\x9F\x94\xAC", "", 0, 16, ""},
    {"\xF0\x9F\x91\xA9\xF0\x9F\x8F\xBF\xE2\x80\x8D\xF0\x9F\x94\xAC", "", 0, 20, ""},
    {"\xF0\x9F\xA7\x91\xE2\x80\x8D\xF0\x9F\x92\xBB", "technologist", 0, 2, "developer coder programmer"},
    {"\xF0\x9F\xA7\x91\xF0\x9F\x8F\xBB\xE2\x80\x8D\xF0\x9F\x92\xBB", "", 0, 4, ""},
    {"\xF0\x9F\xA7\x91\xF0\x9F\x8F\xBC\xE2\x80\x8D\xF0\x9F\x92\xBB", "", 0, 8, ""},
    {"\xF0\x9F\xA7\x91\xF0\x9F\x8F\xBD\xE2\x80\x8D\xF0\x9F\x92\xBB", "", 0, 12, ""},
    {"\xF0\x9F\xA7\x91\xF0\x9F\x8F\xBE\xE2\x80\x8D\xF0\x9F\x92\xBB", "", 0, 16, ""},
    {"\xF0\x9F\xA7\x91\xF0\x9F\x8F\xBF\xE2\x80\x8D\xF0\x9F\x92\xBB", "", 0, 20, ""},
    {"\xF0\x9F\x91\xA8\xE2\x80\x8D\xF0\x9F\x92\xBB", "man technologist", 0, 2, "developer coder programmer"},
    {"\xF0\x9F\x91\xA8\xF0\x9F\x8F\xBB\xE2\x80\x8D\xF0\x9F\x92\xBB", "", 0, 4, ""},
    {"\xF0\x9F\x91\xA8\xF0\x9F\x8F\xBC\xE2\x80\x8D\xF0\x9F\x92\xBB", "", 0, 8, ""},
    {"\xF0\x9F\x91\xA8\xF0\x9F\x8F\xBD\xE2\x80\x8D\xF0\x9F\x92\xBB", "", 0, 12, ""},
    {"\xF0\x9F\x91\xA8\xF0\x9F\x8F\xBE\xE2\x80\x8D\xF0\x9F\x92\xBB", "", 0, 16, ""},
    {"\xF0\x9F\x91\xA8\xF0\x9F\x8F\xBF\xE2\x80\x8D\xF0\x9F\x92\xBB", "", 0, 20, ""},
    {"\xF0\x9F\x91\xA9\xE2\x80\x8D\xF0\x9F\x92\xBB", "woman technologist", 0, 2, "developer coder programmer"},
    {"\xF0\x9F\x91\xA9\xF0\x9F\x8F\xBB\xE2\x80\x8D\xF0\x9F\x92\xBB", "", 0, 4, ""},
    {"\xF0\x9F\x91\xA9\xF0\x9F\x8F\xBC\xE2\x80\x8D\xF0\x9F\x92\xBB", "", 0, 8, ""},
    {"\xF0\x9F\x91\xA9\xF0\x9F\x8F\xBD\xE2\x80\x8D\xF0\x9F\x92\xBB", "", 0, 12, ""},
    {"\xF0\x9F\x91\xA9\xF0\x9F\x8F\xBE\xE2\x80\x8D\xF0\x9F\x92\xBB", "", 0, 16, ""},
    {"\xF0\x9F\x91\xA9\xF0\x9F\x8F\xBF\xE2\x80\x8D\xF0\x9F\x92\xBB", "", 0, 20, ""},
    {"\xF0\x9F\xA7\x91\xE2\x80\x8D\xF0\x9F\x8E\xA4", "singer", 0, 2, ""},
    {"\xF0\x9F\xA7\x91\xF0\x9F\x8F\xBB\xE2\x80\x8D\xF0\x9F\x8E\xA4", "", 0, 4, ""},
    {"\xF0\x9F\xA7\x91\xF0\x9F\x8F\xBC\xE2\x80\x8D\xF0\x9F\x8E\xA4", "", 0, 8, ""},
    {"\xF0\x9F\xA7\x91\xF0\x9F\x8F\xBD\xE2\x80\x8D\xF0\x9F\x8E\xA4", "", 0, 12, ""},
    {"\xF0\x9F\xA7\x91\xF0\x9F\x8F\xBE\xE2\x80\x8D\xF0\x9F\x8E\xA4", "", 0, 16, ""},
    {"\xF0\x9F\xA7\x91\xF0\x9F\x8F\xBF\xE2\x80\x8D\xF0\x9F\x8E\xA4", "", 0, 20, ""},
    {"\xF0\x9F\x91\xA8\xE2\x80\x8D\xF0\x9F\x8E\xA4", "man singer", 0, 2, ""},
    {"\xF0\x9F\x91\xA8\xF0\x9F\x8F\xBB\xE2\x80\x8D\xF0\x9F\x8E\xA4", "", 0, 4, ""},
    {"\xF0\x9F\x91\xA8\xF0\x9F\x8F\xBC\xE2\x80\x8D\xF0\x9F\x8E\xA4", "", 0, 8, ""},
    {"\xF0\x9F\x91\xA8\xF0\x9F\x8F\xBD\xE2\x80\x8D\xF0\x9F\x8E\xA4", "", 0, 12, ""},
    {"\xF0\x9F\x91\xA8\xF0\x9F\x8F\xBE\xE2\x80\x8D\xF0\x9F\x8E\xA4", "", 0, 16, ""},
    {"\xF0\x9F\x91\xA8\xF0\x9F\x8F\xBF\xE2\x80\x8D\xF0\x9F\x8E\xA4", "", 0, 20, ""},
    {"\xF0\x9F\x91\xA9\xE2\x80\x8D\xF0\x9F\x8E\xA4", "woman singer", 0, 2, ""},
    {"\xF0\x9F\x91\xA9\xF0\x9F\x8F\xBB\xE2\x80\x8D\xF0\x9F\x8E\xA4", "", 0, 4, ""},
    {"\xF0\x9F\x91\xA9\xF0\x9F\x8F\xBC\xE2\x80\x8D\xF0\x9F\x8E\xA4", "", 0, 8, ""},
    {"\xF0\x9F\x91\xA9\xF0\x9F\x8F\xBD\xE2\x80\x8D\xF0\x9F\x8E\xA4", "", 0, 12, ""},
    {"\xF0\x9F\x91\xA9\xF0\x9F\x8F\xBE\xE2\x80\x8D\xF0\x9F\x8E\xA4", "", 0, 16, ""},
    {"\xF0\x9F\x91\xA9\xF0\x9F\x8F\xBF\xE2\x80\x8D\xF0\x9F\x8E\xA4", "", 0, 20, ""},
    {"\xF0\x9F\xA7\x91\xE2\x80\x8D\xF0\x9F\x8E\xA8", "artist", 0, 2, ""},
    {"\xF0\x9F\xA7\x91\xF0\x9F\x8F\xBB\xE2\x80\x8D\xF0\x9F\x8E\xA8", "", 0, 4, ""},
    {"\xF0\x9F\xA7\x91\xF0\x9F\x8F\xBC\xE2\x80\x8D\xF0\x9F\x8E\xA8", "", 0, 8, ""},
    {"\xF0\x9F\xA7\x91\xF0\x9F\x8F\xBD\xE2\x80\x8D\xF0\x9F\x8E\xA8", "", 0, 12, ""},
    {"\xF0\x9F\xA7\x91\xF0\x9F\x8F\xBE\xE2\x80\x8D\xF0\x9F\x8E\xA8", "", 0, 16, ""},
    {"\xF0\x9F\xA7\x91\xF0\x9F\x8F\xBF\xE2\x80\x8D\xF0\x9F\x8E\xA8", "", 0, 20, ""},
    {"\xF0\x9F\x91\xA8\xE2\x80\x8D\xF0\x9F\x8E\xA8", "man artist", 0, 2, ""},
    {"\xF0\x9F\x91\xA8\xF0\x9F\x8F\xBB\xE2\x80\x8D\xF0\x9F\x8E\xA8", "", 0, 4, ""},
    {"\xF0\x9F\x91\xA8\xF0\x9F\x8F\xBC\xE2\x80\x8D\xF0\x9F\x8E\xA8", "", 0, 8, ""},
    {"\xF0\x9F\x91\xA8\xF0\x9F\x8F\xBD\xE2\x80\x8D\xF0\x9F\x8E\xA8", "", 0, 12, ""},
    {"\xF0\x9F\x91\xA8\xF0\x9F\x8F\xBE\xE2\x80\x8D\xF0\x9F\x8E\xA8", "", 0, 16, ""},
    {"\xF0\x9F\x91\xA8\xF0\x9F\x8F\xBF\xE2\x80\x8D\xF0\x9F\x8E\xA8", "", 0, 20, ""},
    {"\xF0\x9F\x91\xA9\xE2\x80\x8D\xF0\x9F\x8E\xA8", "woman artist", 0, 2, ""},
    {"\xF0\x9F\x91\xA9\xF0\x9F\x8F\xBB\xE2\x80\x8D\xF0\x9F\x8E\xA8", "", 0, 4, ""},
    {"\xF0\x9F\x91\xA9\xF0\x9F\x8F\xBC\xE2\x80\x8D\xF0\x9F\x8E\xA8", "", 0, 8, ""},
    {"\xF0\x9F\x91\xA9\xF0\x9F\x8F\xBD\xE2\x80\x8D\xF0\x9F\x8E\xA8", "", 0, 12, ""},
    {"\xF0\x9F\x91\xA9\xF0\x9F\x8F\xBE\xE2\x80\x8D\xF0\x9F\x8E\xA8", "", 0, 16, ""},
    {"\xF0\x9F\x91\xA9\xF0\x9F\x8F\xBF\xE2\x80\x8D\xF0\x9F\x8E\xA8", "", 0, 20, ""},
    {"\xF0\x9F\xA7\x91\xE2\x80\x8D\xE2\x9C\x88\xEF\xB8\x8F", "pilot", 0, 2, ""},
    {"\xF0\x9F\xA7\x91\xF0\x9F\x8F\xBB\xE2\x80\x8D\xE2\x9C\x88\xEF\xB8\x8F", "", 0, 4, ""},
    {"\xF0\x9F\xA7\x91\xF0\x9F\x8F\xBC\xE2\x80\x8D\xE2\x9C\x88\xEF\xB8\x8F", "", 0, 8, ""},
    {"\xF0\x9F\xA7\x91\xF0\x9F\x8F\xBD\xE2\x80\x8D\xE2\x9C\x88\xEF\xB8\x8F", "", 0, 12, ""},
    {"\xF0\x9F\xA7\x91\xF0\x9F\x8F\xBE\xE2\x80\x8D\xE2\x9C\x88\xEF\xB8\x8F", "", 0, 16, ""},
    {"\xF0\x9F\xA7\x91\xF0\x9F\x8F\xBF\xE2\x80\x8D\xE2\x9C\x88\xEF\xB8\x8F", "", 0, 20, ""},
    {"\xF0\x9F\x91\xA8\xE2\x80\x8D\xE2\x9C\x88\xEF\xB8\x8F", "man pilot", 0, 2, ""},
    {"\xF0\x9F\x91\xA8\xF0\x9F\x8F\xBB\xE2\x80\x8D\xE2\x9C\x88\xEF\xB8\x8F", "", 0, 4, ""},
    {"\xF0\x9F\x91\xA8\xF0\x9F\x8F\xBC\xE2\x80\x8D\xE2\x9C\x88\xEF\xB8\x8F", "", 0, 8, ""},
    {"\xF0\x9F\x91\xA8\xF0\x9F\x8F\xBD\xE2\x80\x8D\xE2\x9C\x88\xEF\xB8\x8F", "", 0, 12, ""},
    {"\xF0\x9F\x91\xA8\xF0\x9F\x8F\xBE\xE2\x80\x8D\xE2\x9C\x88\xEF\xB8\x8F", "", 0, 16, ""},
    {"\xF0\x9F\x91\xA8\xF0\x9F\x8F\xBF\xE2\x80\x8D\xE2\x9C\x88\xEF\xB8\x8F", "", 0, 20, ""},
    {"\xF0\x9F\x91\xA9\xE2\x80\x8D\xE2\x9C\x88\xEF\xB8\x8F", "woman pilot", 0, 2, ""},
    {"\xF0\x9F\x91\xA9\xF0\x9F\x8F\xBB\xE2\x80\x8D\xE2\x9C\x88\xEF\xB8\x8F", "", 0, 4, ""},
    {"\xF0\x9F\x91\xA9\xF0\x9F\x8F\xBC\xE2\x80\x8D\xE2\x9C\x88\xEF\xB8\x8F", "", 0, 8, ""},
    {"\xF0\x9F\x91\xA9\xF0\x9F\x8F\xBD\xE2\x80\x8D\xE2\x9C\x88\xEF\xB8\x8F", "", 0, 12, ""},
    {"\xF0\x9F\x91\xA9\xF0\x9F\x8F\xBE\xE2\x80\x8D\xE2\x9C\x88\xEF\xB8\x8F", "", 0, 16, ""},
    {"\xF0\x9F\x91\xA9\xF0\x9F\x8F\xBF\xE2\x80\x8D\xE2\x9C\x88\xEF\xB8\x8F", "", 0, 20, ""},
    {"\xF0\x9F\xA7\x91\xE2\x80\x8D\xF0\x9F\x9A\x80", "astronaut", 0, 2, ""},
    {"\xF0\x9F\xA7\x91\xF0\x9F\x8F\xBB\xE2\x80\x8D\xF0\x9F\x9A\x80", "", 0, 4, ""},
    {"\xF0\x9F\xA7\x91\xF0\x9F\x8F\xBC\xE2\x80\x8D\xF0\x9F\x9A\x80", "", 0, 8, ""},
    {"\xF0\x9F\xA7\x91\xF0\x9F\x8F\xBD\xE2\x80\x8D\xF0\x9F\x9A\x80", "", 0, 12, ""},
    {"\xF0\x9F\xA7\x91\xF0\x9F\x8F\xBE\xE2\x80\x8D\xF0\x9F\x9A\x80", "", 0, 16, ""},
    {"\xF0\x9F\xA7\x91\xF0\x9F\x8F\xBF\xE2\x80\x8D\xF0\x9F\x9A\x80", "", 0, 20, ""},
    {"\xF0\x9F\x91\xA8\xE2\x80\x8D\xF0\x9F\x9A\x80", "man astronaut", 0, 2, ""},
    {"\xF0\x9F\x91\xA8\xF0\x9F\x8F\xBB\xE2\x80\x8D\xF0\x9F\x9A\x80", "", 0, 4, ""},
    {"\xF0\x9F\x91\xA8\xF0\x9F\x8F\xBC\xE2\x80\x8D\xF0\x9F\x9A\x80", "", 0, 8, ""},
    {"\xF0\x9F\x91\xA8\xF0\x9F\x8F\xBD\xE2\x80\x8D\xF0\x9F\x9A\x80", "", 0, 12, ""},
    {"\xF0\x9F\x91\xA8\xF0\x9F\x8F\xBE\xE2\x80\x8D\xF0\x9F\x9A\x80", "", 0, 16, ""},
    {"\xF0\x9F\x91\xA8\xF0\x9F\x8F\xBF\xE2\x80\x8D\xF0\x9F\x9A\x80", "", 0, 20, ""},
    {"\xF0\x9F\x91\xA9\xE2\x80\x8D\xF0\x9F\x9A\x80", "woman astronaut", 0, 2, ""},
    {"\xF0\x9F\x91\xA9\xF0\x9F\x8F\xBB\xE2\x80\x8D\xF0\x9F\x9A\x80", "", 0, 4, ""},
    {"\xF0\x9F\x91\xA9\xF0\x9F\x8F\xBC\xE2\x80\x8D\xF0\x9F\x9A\x80", "", 0, 8, ""},
    {"\xF0\x9F\x91\xA9\xF0\x9F\x8F\xBD\xE2\x80\x8D\xF0\x9F\x9A\x80", "", 0, 12, ""},
    {"\xF0\x9F\x91\xA9\xF0\x9F\x8F\xBE\xE2\x80\x8D\xF0\x9F\x9A\x80", "", 0, 16, ""},
    {"\xF0\x9F\x91\xA9\xF0\x9F\x8F\xBF\xE2\x80\x8D\xF0\x9F\x9A\x80", "", 0, 20, ""},
    {"\xF0\x9F\xA7\x91\xE2\x80\x8D\xF0\x9F\x9A\x92", "firefighter", 0, 2, ""},
    {"\xF0\x9F\xA7\x91\xF0\x9F\x8F\xBB\xE2\x80\x8D\xF0\x9F\x9A\x92", "", 0, 4, ""},
    {"\xF0\x9F\xA7\x91\xF0\x9F\x8F\xBC\xE2\x80\x8D\xF0\x9F\x9A\x92", "", 0, 8, ""},
    {"\xF0\x9F\xA7\x91\xF0\x9F\x8F\xBD\xE2\x80\x8D\xF0\x9F\x9A\x92", "", 0, 12, ""},
    {"\xF0\x9F\xA7\x91\xF0\x9F\x8F\xBE\xE2\x80\x8D\xF0\x9F\x9A\x92", "", 0, 16, ""},
    {"\xF0\x9F\xA7\x91\xF0\x9F\x8F\xBF\xE2\x80\x8D\xF0\x9F\x9A\x92", "", 0, 20, ""},
    {"\xF0\x9F\x91\xA8\xE2\x80\x8D\xF0\x9F\x9A\x92", "man firefighter", 0, 2, ""},
    {"\xF0\x9F\x91\xA8\xF0\x9F\x8F\xBB\xE2\x80\x8D\xF0\x9F\x9A\x92", "", 0, 4, ""},
    {"\xF0\x9F\x91\xA8\xF0\x9F\x8F\xBC\xE2\x80\x8D\xF0\x9F\x9A\x92", "", 0, 8, ""},
    {"\xF0\x9F\x91\xA8\xF0\x9F\x8F\xBD\xE2\x80\x8D\xF0\x9F\x9A\x92", "", 0, 12, ""},
    {"\xF0\x9F\x91\xA8\xF0\x9F\x8F\xBE\xE2\x80\x8D\xF0\x9F\x9A\x92", "", 0, 16, ""},
    {"\xF0\x9F\x91\xA8\xF0\x9F\x8F\xBF\xE2\x80\x8D\xF0\x9F\x9A\x92", "", 0, 20, ""},
    {"\xF0\x9F\x91\xA9\xE2\x80\x8D\xF0\x9F\x9A\x92", "woman firefighter", 0, 2, ""},
    {"\xF0\x9F\x91\xA9\xF0\x9F\x8F\xBB\xE2\x80\x8D\xF0\x9F\x9A\x92", "", 0, 4, ""},
    {"\xF0\x9F\x91\xA9\xF0\x9F\x8F\xBC\xE2\x80\x8D\xF0\x9F\x9A\x92", "", 0, 8, ""},
    {"\xF0\x9F\x91\xA9\xF0\x9F\x8F\xBD\xE2\x80\x8D\xF0\x9F\x9A\x92", "", 0, 12, ""},
    {"\xF0\x9F\x91\xA9\xF0\x9F\x8F\xBE\xE2\x80\x8D\xF0\x9F\x9A\x92", "", 0, 16, ""},
    {"\xF0\x9F\x91\xA9\xF0\x9F\x8F\xBF\xE2\x80\x8D\xF0\x9F\x9A\x92", "", 0, 20, ""},
    {"\xF0\x9F\x91\xAE", "police officer", 0, 2, ""},
    {"\xF0\x9F\x91\xAE\xF0\x9F\x8F\xBB", "", 0, 4, ""},
    {"\xF0\x9F\x91\xAE\xF0\x9F\x8F\xBC", "", 0, 8, ""},
    {"\xF0\x9F\x91\xAE\xF0\x9F\x8F\xBD", "", 0, 12, ""},
    {"\xF0\x9F\x91\xAE\xF0\x9F\x8F\xBE", "", 0, 16, ""},
    {"\xF0\x9F\x91\xAE\xF0\x9F\x8F\xBF", "", 0, 20, ""},
    {"\xF0\x9F\x91\xAE\xE2\x80\x8D\xE2\x99\x82\xEF\xB8\x8F", "man police officer", 0, 2, ""},
    {"\xF0\x9F\x91\xAE\xF0\x9F\x8F\xBB\xE2\x80\x8D\xE2\x99\x82\xEF\xB8\x8F", "", 0, 4, ""},
    {"\xF0\x9F\x91\xAE\xF0\x9F\x8F\xBC\xE2\x80\x8D\xE2\x99\x82\xEF\xB8\x8F", "", 0, 8, ""},
    {"\xF0\x9F\x91\xAE\xF0\x9F\x8F\xBD\xE2\x80\x8D\xE2\x99\x82\xEF\xB8\x8F", "", 0, 12, ""},
    {"\xF0\x9F\x91\xAE\xF0\x9F\x8F\xBE\xE2\x80\x8D\xE2\x99\x82\xEF\xB8\x8F", "", 0, 16, ""},
    {"\xF0\x9F\x91\xAE\xF0\x9F\x8F\xBF\xE2\x80\x8D\xE2\x99\x82\xEF\xB8\x8F", "", 0, 20, ""},
    {"\xF0\x9F\x91\xAE\xE2\x80\x8D\xE2\x99\x80\xEF\xB8\x8F", "woman police officer", 0, 2, ""},
    {"\xF0\x9F\x91\xAE\xF0\x9F\x8F\xBB\xE2\x80\x8D\xE2\x99\x80\xEF\xB8\x8F", "", 0, 4, ""},
    {"\xF0\x9F\x91\xAE\xF0\x9F\x8F\xBC\xE2\x80\x8D\xE2\x99\x80\xEF\xB8\x8F", "", 0, 8, ""},
    {"\xF0\x9F\x91\xAE\xF0\x9F\x8F\xBD\xE2\x80\x8D\xE2\x99\x80\xEF\xB8\x8F", "", 0, 12, ""},
    {"\xF0\x9F\x91\xAE\xF0\x9F\x8F\xBE\xE2\x80\x8D\xE2\x99\x80\xEF\xB8\x8F", "", 0, 16, ""},
    {"\xF0\x9F\x91\xAE\xF0\x9F\x8F\xBF\xE2\x80\x8D\xE2\x99\x80\xEF\xB8\x8F", "", 0, 20, ""},
    {"\xF0\x9F\x95\xB5\xEF\xB8\x8F", "detective", 0, 3, ""},
    {"\xF0\x9F\x95\xB5\xF0\x9F\x8F\xBB", "", 0, 4, ""},
    {"\xF0\x9F\x95\xB5\xF0\x9F\x8F\xBC", "", 0, 8, ""},
    {"\xF0\x9F\x95\xB5\xF0\x9F\x8F\xBD", "", 0, 12, ""},
    {"\xF0\x9F\x95\xB5\xF0\x9F\x8F\xBE", "", 0, 16, ""},
    {"\xF0\x9F\x95\xB5\xF0\x9F\x8F\xBF", "", 0, 20, ""},
    {"\xF0\x9F\x95\xB5\xEF\xB8\x8F\xE2\x80\x8D\xE2\x99\x82\xEF\xB8\x8F", "man detective", 0, 2, ""},
    {"\xF0\x9F\x95\xB5\xF0\x9F\x8F\xBB\xE2\x80\x8D\xE2\x99\x82\xEF\xB8\x8F", "", 0, 4, ""},
    {"\xF0\x9F\x95\xB5\xF0\x9F\x8F\xBC\xE2\x80\x8D\xE2\x99\x82\xEF\xB8\x8F", "", 0, 8, ""},
    {"\xF0\x9F\x95\xB5\xF0\x9F\x8F\xBD\xE2\x80\x8D\xE2\x99\x82\xEF\xB8\x8F", "", 0, 12, ""},
    {"\xF0\x9F\x95\xB5\xF0\x9F\x8F\xBE\xE2\x80\x8D\xE2\x99\x82\xEF\xB8\x8F", "", 0, 16, ""},
    {"\xF0\x9F\x95\xB5\xF0\x9F\x8F\xBF\xE2\x80\x8D\xE2\x99\x82\xEF\xB8\x8F", "", 0, 20, ""},
    {"\xF0\x9F\x95\xB5\xEF\xB8\x8F\xE2\x80\x8D\xE2\x99\x80\xEF\xB8\x8F", "woman detective", 0, 2, ""},
    {"\xF0\x9F\x95\xB5\xF0\x9F\x8F\xBB\xE2\x80\x8D\xE2\x99\x80\xEF\xB8\x8F", "", 0, 4, ""},
    {"\xF0\x9F\x95\xB5\xF0\x9F\x8F\xBC\xE2\x80\x8D\xE2\x99\x80\xEF\xB8\x8F", "", 0, 8, ""},
    {"\xF0\x9F\x95\xB5\xF0\x9F\x8F\xBD\xE2\x80\x8D\xE2\x99\x80\xEF\xB8\x8F", "", 0, 12, ""},
    {"\xF0\x9F\x95\xB5\xF0\x9F\x8F\xBE\xE2\x80\x8D\xE2\x99\x80\xEF\xB8\x8F", "", 0, 16, ""},
    {"\xF0\x9F\x95\xB5\xF0\x9F\x8F\xBF\xE2\x80\x8D\xE2\x99\x80\xEF\xB8\x8F", "", 0, 20, ""},
    {"\xF0\x9F\x92\x82", "guard", 0, 2, ""},
    {"\xF0\x9F\x92\x82\xF0\x9F\x8F\xBB", "", 0, 4, ""},
    {"\xF0\x9F\x92\x82\xF0\x9F\x8F\xBC", "", 0, 8, ""},
    {"\xF0\x9F\x92\x82\xF0\x9F\x8F\xBD", "", 0, 12, ""},
    {"\xF0\x9F\x92\x82\xF0\x9F\x8F\xBE", "", 0, 16, ""},
    {"\xF0\x9F\x92\x82\xF0\x9F\x8F\xBF", "", 0, 20, ""},
    {"\xF0\x9F\x92\x82\xE2\x80\x8D\xE2\x99\x82\xEF\xB8\x8F", "man guard", 0, 2, ""},
    {"\xF0\x9F\x92\x82\xF0\x9F\x8F\xBB\xE2\x80\x8D\xE2\x99\x82\xEF\xB8\x8F", "", 0, 4, ""},
    {"\xF0\x9F\x92\x82\xF0\x9F\x8F\xBC\xE2\x80\x8D\xE2\x99\x82\xEF\xB8\x8F", "", 0, 8, ""},
    {"\xF0\x9F\x92\x82\xF0\x9F\x8F\xBD\xE2\x80\x8D\xE2\x99\x82\xEF\xB8\x8F", "", 0, 12, ""},
    {"\xF0\x9F\x92\x82\xF0\x9F\x8F\xBE\xE2\x80\x8D\xE2\x99\x82\xEF\xB8\x8F", "", 0, 16, ""},
    {"\xF0\x9F\x92\x82\xF0\x9F\x8F\xBF\xE2\x80\x8D\xE2\x99\x82\xEF\xB8\x8F", "", 0, 20, ""},
    {"\xF0\x9F\x92\x82\xE2\x80\x8D\xE2\x99\x80\xEF\xB8\x8F", "woman guard", 0, 2, ""},
    {"\xF0\x9F\x92\x82\xF0\x9F\x8F\xBB\xE2\x80\x8D\xE2\x99\x80\xEF\xB8\x8F", "", 0, 4, ""},
    {"\xF0\x9F\x92\x82\xF0\x9F\x8F\xBC\xE2\x80\x8D\xE2\x99\x80\xEF\xB8\x8F", "", 0, 8, ""},
    {"\xF0\x9F\x92\x82\xF0\x9F\x8F\xBD\xE2\x80\x8D\xE2\x99\x80\xEF\xB8\x8F", "", 0, 12, ""},
    {"\xF0\x9F\x92\x82\xF0\x9F\x8F\xBE\xE2\x80\x8D\xE2\x99\x80\xEF\xB8\x8F", "", 0, 16, ""},
    {"\xF0\x9F\x92\x82\xF0\x9F\x8F\xBF\xE2\x80\x8D\xE2\x99\x80\xEF\xB8\x8F", "", 0, 20, ""},
    {"\xF0\x9F\x91\xB7", "construction worker", 0, 2, ""},
    {"\xF0\x9F\x91\xB7\xF0\x9F\x8F\xBB", "", 0, 4, ""},
    {"\xF0\x9F\x91\xB7\xF0\x9F\x8F\xBC", "", 0, 8, ""},
    {"\xF0\x9F\x91\xB7\xF0\x9F\x8F\xBD", "", 0, 12, ""},
    {"\xF0\x9F\x91\xB7\xF0\x9F\x8F\xBE", "", 0, 16, ""},
    {"\xF0\x9F\x91\xB7\xF0\x9F\x8F\xBF", "", 0, 20, ""},
    {"\xF0\x9F\x91\xB7\xE2\x80\x8D\xE2\x99\x82\xEF\xB8\x8F", "man construction worker", 0, 2, ""},
    {"\xF0\x9F\x91\xB7\xF0\x9F\x8F\xBB\xE2\x80\x8D\xE2\x99\x82\xEF\xB8\x8F", "", 0, 4, ""},
    {"\xF0\x9F\x91\xB7\xF0\x9F\x8F\xBC\xE2\x80\x8D\xE2\x99\x82\xEF\xB8\x8F", "", 0, 8, ""},
    {"\xF0\x9F\x91\xB7\xF0\x9F\x8F\xBD\xE2\x80\x8D\xE2\x99\x82\xEF\xB8\x8F", "", 0, 12, ""},
    {"\xF0\x9F\x91\xB7\xF0\x9F\x8F\xBE\xE2\x80\x8D\xE2\x99\x82\xEF\xB8\x8F", "", 0, 16, ""},
    {"\xF0\x9F\x91\xB7\xF0\x9F\x8F\xBF\xE2\x80\x8D\xE2\x99\x82\xEF\xB8\x8F", "", 0, 20, ""},
    {"\xF0\x9F\x91\xB7\xE2\x80\x8D\xE2\x99\x80\xEF\xB8\x8F", "woman construction worker", 0, 2, ""},
    {"\xF0\x9F\x91\xB7\xF0\x9F\x8F\xBB\xE2\x80\x8D\xE2\x99\x80\xEF\xB8\x8F", "", 0, 4, ""},
    {"\xF0\x9F\x91\xB7\xF0\x9F\x8F\xBC\xE2\x80\x8D\xE2\x99\x80\xEF\xB8\x8F", "", 0, 8, ""},
    {"\xF0\x9F\x91\xB7\xF0\x9F\x8F\xBD\xE2\x80\x8D\xE2\x99\x80\xEF\xB8\x8F", "", 0, 12, ""},
    {"\xF0\x9F\x91\xB7\xF0\x9F\x8F\xBE\xE2\x80\x8D\xE2\x99\x80\xEF\xB8\x8F", "", 0, 16, ""},
    {"\xF0\x9F\x91\xB7\xF0\x9F\x8F\xBF\xE2\x80\x8D\xE2\x99\x80\xEF\xB8\x8F", "", 0, 20, ""},
    {"\xF0\x9F\x91\xB3", "person wearing turban", 0, 2, ""},
    {"\xF0\x9F\x91\xB3\xF0\x9F\x8F\xBB", "", 0, 4, ""},
    {"\xF0\x9F\x91\xB3\xF0\x9F\x8F\xBC", "", 0, 8, ""},
    {"\xF0\x9F\x91\xB3\xF0\x9F\x8F\xBD", "", 0, 12, ""},
    {"\xF0\x9F\x91\xB3\xF0\x9F\x8F\xBE", "", 0, 16, ""},
    {"\xF0\x9F\x91\xB3\xF0\x9F\x8F\xBF", "", 0, 20, ""},
    {"\xF0\x9F\x91\xB3\xE2\x80\x8D\xE2\x99\x82\xEF\xB8\x8F", "man wearing turban", 0, 2, ""},
    {"\xF0\x9F\x91\xB3\xF0\x9F\x8F\xBB\xE2\x80\x8D\xE2\x99\x82\xEF\xB8\x8F", "", 0, 4, ""},
    {"\xF0\x9F\x91\xB3\xF0\x9F\x8F\xBC\xE2\x80\x8D\xE2\x99\x82\xEF\xB8\x8F", "", 0, 8, ""},
    {"\xF0\x9F\x91\xB3\xF0\x9F\x8F\xBD\xE2\x80\x8D\xE2\x99\x82\xEF\xB8\x8F", "", 0, 12, ""},
    {"\xF0\x9F\x91\xB3\xF0\x9F\x8F\xBE\xE2\x80\x8D\xE2\x99\x82\xEF\xB8\x8F", "", 0, 16, ""},
    {"\xF0\x9F\x91\xB3\xF0\x9F\x8F\xBF\xE2\x80\x8D\xE2\x99\x82\xEF\xB8\x8F", "", 0, 20, ""},
    {"\xF0\x9F\x91\xB3\xE2\x80\x8D\xE2\x99\x80\xEF\xB8\x8F", "woman wearing turban", 0, 2, ""},
    {"\xF0\x9F\x91\xB3\xF0\x9F\x8F\xBB\xE2\x80\x8D\xE2\x99\x80\xEF\xB8\x8F", "", 0, 4, ""},
    {"\xF0\x9F\x91\xB3\xF0\x9F\x8F\xBC\xE2\x80\x8D\xE2\x99\x80\xEF\xB8\x8F", "", 0, 8, ""},
    {"\xF0\x9F\x91\xB3\xF0\x9F\x8F\xBD\xE2\x80\x8D\xE2\x99\x80\xEF\xB8\x8F", "", 0, 12, ""},
    {"\xF0\x9F\x91\xB3\xF0\x9F\x8F\xBE\xE2\x80\x8D\xE2\x99\x80\xEF\xB8\x8F", "", 0, 16, ""},
    {"\xF0\x9F\x91\xB3\xF0\x9F\x8F\xBF\xE2\x80\x8D\xE2\x99\x80\xEF\xB8\x8F", "", 0, 20, ""},
    {"\xF0\x9F\xA4\xB5", "person in tuxedo", 0, 2, ""},
    {"\xF0\x9F\xA4\xB5\xF0\x9F\x8F\xBB", "", 0, 4, ""},
    {"\xF0\x9F\xA4\xB5\xF0\x9F\x8F\xBC", "", 0, 8, ""},
    {"\xF0\x9F\xA4\xB5\xF0\x9F\x8F\xBD", "", 0, 12, ""},
    {"\xF0\x9F\xA4\xB5\xF0\x9F\x8F\xBE", "", 0, 16, ""},
    {"\xF0\x9F\xA4\xB5\xF0\x9F\x8F\xBF", "", 0, 20, ""},
    {"\xF0\x9F\xA4\xB5\xE2\x80\x8D\xE2\x99\x82\xEF\xB8\x8F", "man in tuxedo", 0, 2, ""},
    {"\xF0\x9F\xA4\xB5\xF0\x9F\x8F\xBB\xE2\x80\x8D\xE2\x99\x82\xEF\xB8\x8F", "", 0, 4, ""},
    {"\xF0\x9F\xA4\xB5\xF0\x9F\x8F\xBC\xE2\x80\x8D\xE2\x99\x82\xEF\xB8\x8F", "", 0, 8, ""},
    {"\xF0\x9F\xA4\xB5\xF0\x9F\x8F\xBD\xE2\x80\x8D\xE2\x99\x82\xEF\xB8\x8F", "", 0, 12, ""},
    {"\xF0\x9F\xA4\xB5\xF0\x9F\x8F\xBE\xE2\x80\x8D\xE2\x99\x82\xEF\xB8\x8F", "", 0, 16, ""},
    {"\xF0\x9F\xA4\xB5\xF0\x9F\x8F\xBF\xE2\x80\x8D\xE2\x99\x82\xEF\xB8\x8F", "", 0, 20, ""},
    {"\xF0\x9F\xA4\xB5\xE2\x80\x8D\xE2\x99\x80\xEF\xB8\x8F", "woman in tuxedo", 0, 2, ""},
    {"\xF0\x9F\xA4\xB5\xF0\x9F\x8F\xBB\xE2\x80\x8D\xE2\x99\x80\xEF\xB8\x8F", "", 0, 4, ""},
    {"\xF0\x9F\xA4\xB5\xF0\x9F\x8F\xBC\xE2\x80\x8D\xE2\x99\x80\xEF\xB8\x8F", "", 0, 8, ""},
    {"\xF0\x9F\xA4\xB5\xF0\x9F\x8F\xBD\xE2\x80\x8D\xE2\x99\x80\xEF\xB8\x8F", "", 0, 12, ""},
    {"\xF0\x9F\xA4\xB5\xF0\x9F\x8F\xBE\xE2\x80\x8D\xE2\x99\x80\xEF\xB8\x8F", "", 0, 16, ""},
    {"\xF0\x9F\xA4\xB5\xF0\x9F\x8F\xBF\xE2\x80\x8D\xE2\x99\x80\xEF\xB8\x8F", "", 0, 20, ""},
    {"\xF0\x9F\x91\xB0", "person with veil", 0, 2, ""},
    {"\xF0\x9F\x91\xB0\xF0\x9F\x8F\xBB", "", 0, 4, ""},
    {"\xF0\x9F\x91\xB0\xF0\x9F\x8F\xBC", "", 0, 8, ""},
    {"\xF0\x9F\x91\xB0\xF0\x9F\x8F\xBD", "", 0, 12, ""},
    {"\xF0\x9F\x91\xB0\xF0\x9F\x8F\xBE", "", 0, 16, ""},
    {"\xF0\x9F\x91\xB0\xF0\x9F\x8F\xBF", "", 0, 20, ""},
    {"\xF0\x9F\x91\xB0\xE2\x80\x8D\xE2\x99\x82\xEF\xB8\x8F", "man with veil", 0, 2, ""},
    {"\xF0\x9F\x91\xB0\xF0\x9F\x8F\xBB\xE2\x80\x8D\xE2\x99\x82\xEF\xB8\x8F", "", 0, 4, ""},
    {"\xF0\x9F\x91\xB0\xF0\x9F\x8F\xBC\xE2\x80\x8D\xE2\x99\x82\xEF\xB8\x8F", "", 0, 8, ""},
    {"\xF0\x9F\x91\xB0\xF0\x9F\x8F\xBD\xE2\x80\x8D\xE2\x99\x82\xEF\xB8\x8F", "", 0, 12, ""},
    {"\xF0\x9F\x91\xB0\xF0\x9F\x8F\xBE\xE2\x80\x8D\xE2\x99\x82\xEF\xB8\x8F", "", 0, 16, ""},
    {"\xF0\x9F\x91\xB0\xF0\x9F\x8F\xBF\xE2\x80\x8D\xE2\x99\x82\xEF\xB8\x8F", "", 0, 20, ""},
    {"\xF0\x9F\x91\xB0\xE2\x80\x8D\xE2\x99\x80\xEF\xB8\x8F", "woman with veil", 0, 2, ""},
    {"\xF0\x9F\x91\xB0\xF0\x9F\x8F\xBB\xE2\x80\x8D\xE2\x99\x80\xEF\xB8\x8F", "", 0, 4, ""},
    {"\xF0\x9F\x91\xB0\xF0\x9F\x8F\xBC\xE2\x80\x8D\xE2\x99\x80\xEF\xB8\x8F", "", 0, 8, ""},
    {"\xF0\x9F\x91\xB0\xF0\x9F\x8F\xBD\xE2\x80\x8D\xE2\x99\x80\xEF\xB8\x8F", "", 0, 12, ""},
    {"\xF0\x9F\x91\xB0\xF0\x9F\x8F\xBE\xE2\x80\x8D\xE2\x99\x80\xEF\xB8\x8F", "", 0, 16, ""},
    {"\xF0\x9F\x91\xB0\xF0\x9F\x8F\xBF\xE2\x80\x8D\xE2\x99\x80\xEF\xB8\x8F", "", 0, 20, ""},
    {"\xF0\x9F\xA5\xB7", "ninja", 0, 2, "ninja"},
    {"\xF0\x9F\xA5\xB7\xF0\x9F\x8F\xBB", "", 0, 4, ""},
    {"\xF0\x9F\xA5\xB7\xF0\x9F\x8F\xBC", "", 0, 8, ""},
    {"\xF0\x9F\xA5\xB7\xF0\x9F\x8F\xBD", "", 0, 12, ""},
    {"\xF0\x9F\xA5\xB7\xF0\x9F\x8F\xBE", "", 0, 16, ""},
    {"\xF0\x9F\xA5\xB7\xF0\x9F\x8F\xBF", "", 0, 20, ""},
    {"\xF0\x9F\xAB\x85", "person with crown", 0, 2, ""},
    {"\xF0\x9F\xAB\x85\xF0\x9F\x8F\xBB", "", 0, 4, ""},
    {"\xF0\x9F\xAB\x85\xF0\x9F\x8F\xBC", "", 0, 8, ""},
    {"\xF0\x9F\xAB\x85\xF0\x9F\x8F\xBD", "", 0, 12, ""},
    {"\xF0\x9F\xAB\x85\xF0\x9F\x8F\xBE", "", 0, 16, ""},
    {"\xF0\x9F\xAB\x85\xF0\x9F\x8F\xBF", "", 0, 20, ""},
    {"\xF0\x9F\xA4\xB4", "prince", 0, 2, ""},
    {"\xF0\x9F\xA4\xB4\xF0\x9F\x8F\xBB", "", 0, 4, ""},
    {"\xF0\x9F\xA4\xB4\xF0\x9F\x8F\xBC", "", 0, 8, ""},
    {"\xF0\x9F\xA4\xB4\xF0\x9F\x8F\xBD", "", 0, 12, ""},
    {"\xF0\x9F\xA4\xB4\xF0\x9F\x8F\xBE", "", 0, 16, ""},
    {"\xF0\x9F\xA4\xB4\xF0\x9F\x8F\xBF", "", 0, 20, ""},
    {"\xF0\x9F\x91\xB8", "princess", 0, 2, ""},
    {"\xF0\x9F\x91\xB8\xF0\x9F\x8F\xBB", "", 0, 4, ""},
    {"\xF0\x9F\x91\xB8\xF0\x9F\x8F\xBC", "", 0, 8, ""},
    {"\xF0\x9F\x91\xB8\xF0\x9F\x8F\xBD", "", 0, 12, ""},
    {"\xF0\x9F\x91\xB8\xF0\x9F\x8F\xBE", "", 0, 16, ""},
    {"\xF0\x9F\x91\xB8\xF0\x9F\x8F\xBF", "", 0, 20, ""},
    {"\xF0\x9F\x91\xB2", "person with skullcap", 0, 2, ""},
    {"\xF0\x9F\x91\xB2\xF0\x9F\x8F\xBB", "", 0, 4, ""},
    {"\xF0\x9F\x91\xB2\xF0\x9F\x8F\xBC", "", 0, 8, ""},
    {"\xF0\x9F\x91\xB2\xF0\x9F\x8F\xBD", "", 0, 12, ""},
    {"\xF0\x9F\x91\xB2\xF0\x9F\x8F\xBE", "", 0, 16, ""},
    {"\xF0\x9F\x91\xB2\xF0\x9F\x8F\xBF", "", 0, 20, ""},
    {"\xF0\x9F\xA7\x95", "woman with headscarf", 0, 2, ""},
    {"\xF0\x9F\xA7\x95\xF0\x9F\x8F\xBB", "", 0, 4, ""},
    {"\xF0\x9F\xA7\x95\xF0\x9F\x8F\xBC", "", 0, 8, ""},
    {"\xF0\x9F\xA7\x95\xF0\x9F\x8F\xBD", "", 0, 12, ""},
    {"\xF0\x9F\xA7\x95\xF0\x9F\x8F\xBE", "", 0, 16, ""},
    {"\xF0\x9F\xA7\x95\xF0\x9F\x8F\xBF", "", 0, 20, ""},
    {"\xF0\x9F\xA4\xB0", "pregnant woman", 0, 2, ""},
    {"\xF0\x9F\xA4\xB0\xF0\x9F\x8F\xBB", "", 0, 4, ""},
    {"\xF0\x9F\xA4\xB0\xF0\x9F\x8F\xBC", "", 0, 8, ""},
    {"\xF0\x9F\xA4\xB0\xF0\x9F\x8F\xBD", "", 0, 12, ""},
    {"\xF0\x9F\xA4\xB0\xF0\x9F\x8F\xBE", "", 0, 16, ""},
    {"\xF0\x9F\xA4\xB0\xF0\x9F\x8F\xBF", "", 0, 20, ""},
    {"\xF0\x9F\xAB\x83", "pregnant man", 0, 2, ""},
    {"\xF0\x9F\xAB\x83\xF0\x9F\x8F\xBB", "", 0, 4, ""},
    {"\xF0\x9F\xAB\x83\xF0\x9F\x8F\xBC", "", 0, 8, ""},
    {"\xF0\x9F\xAB\x83\xF0\x9F\x8F\xBD", "", 0, 12, ""},
    {"\xF0\x9F\xAB\x83\xF0\x9F\x8F\xBE", "", 0, 16, ""},
    {"\xF0\x9F\xAB\x83\xF0\x9F\x8F\xBF", "", 0, 20, ""},
    {"\xF0\x9F\xAB\x84", "pregnant person", 0, 2, ""},
    {"\xF0\x9F\xAB\x84\xF0\x9F\x8F\xBB", "", 0, 4, ""},
    {"\xF0\x9F\xAB\x84\xF0\x9F\x8F\xBC", "", 0, 8, ""},
    {"\xF0\x9F\xAB\x84\xF0\x9F\x8F\xBD", "", 0, 12, ""},
    {"\xF0\x9F\xAB\x84\xF0\x9F\x8F\xBE", "", 0, 16, ""},
    {"\xF0\x9F\xAB\x84\xF0\x9F\x8F\xBF", "", 0, 20, ""},
    {"\xF0\x9F\xA4\xB1", "breast-feeding", 0, 2, ""},
    {"\xF0\x9F\xA4\xB1\xF0\x9F\x8F\xBB", "", 0, 4, ""},
    {"\xF0\x9F\xA4\xB1\xF0\x9F\x8F\xBC", "", 0, 8, ""},
    {"\xF0\x9F\xA4\xB1\xF0\x9F\x8F\xBD", "", 0, 12, ""},
    {"\xF0\x9F\xA4\xB1\xF0\x9F\x8F\xBE", "", 0, 16, ""},
    {"\xF0\x9F\xA4\xB1\xF0\x9F\x8F\xBF", "", 0, 20, ""},
    {"\xF0\x9F\x91\xA9\xE2\x80\x8D\xF0\x9F\x8D\xBC", "woman feeding baby", 0, 2, ""},
    {"\xF0\x9F\x91\xA9\xF0\x9F\x8F\xBB\xE2\x80\x8D\xF0\x9F\x8D\xBC", "", 0, 4, ""},
    {"\xF0\x9F\x91\xA9\xF0\x9F\x8F\xBC\xE2\x80\x8D\xF0\x9F\x8D\xBC", "", 0, 8, ""},
    {"\xF0\x9F\x91\xA9\xF0\x9F\x8F\xBD\xE2\x80\x8D\xF0\x9F\x8D\xBC", "", 0, 12, ""},
    {"\xF0\x9F\x91\xA9\xF0\x9F\x8F\xBE\xE2\x80\x8D\xF0\x9F\x8D\xBC", "", 0, 16, ""},
    {"\xF0\x9F\x91\xA9\xF0\x9F\x8F\xBF\xE2\x80\x8D\xF0\x9F\x8D\xBC", "", 0, 20, ""},
    {"\xF0\x9F\x91\xA8\xE2\x80\x8D\xF0\x9F\x8D\xBC", "man feeding baby", 0, 2, ""},
    {"\xF0\x9F\x91\xA8\xF0\x9F\x8F\xBB\xE2\x80\x8D\xF0\x9F\x8D\xBC", "", 0, 4, ""},
    {"\xF0\x9F\x91\xA8\xF0\x9F\x8F\xBC\xE2\x80\x8D\xF0\x9F\x8D\xBC", "", 0, 8, ""},
    {"\xF0\x9F\x91\xA8\xF0\x9F\x8F\xBD\xE2\x80\x8D\xF0\x9F\x8D\xBC", "", 0, 12, ""},
    {"\xF0\x9F\x91\xA8\xF0\x9F\x8F\xBE\xE2\x80\x8D\xF0\x9F\x8D\xBC", "", 0, 16, ""},
    {"\xF0\x9F\x91\xA8\xF0\x9F\x8F\xBF\xE2\x80\x8D\xF0\x9F\x8D\xBC", "", 0, 20, ""},
    {"\xF0\x9F\xA7\x91\xE2\x80\x8D\xF0\x9F\x8D\xBC", "person feeding baby", 0, 2, ""},
    {"\xF0\x9F\xA7\x91\xF0\x9F\x8F\xBB\xE2\x80\x8D\xF0\x9F\x8D\xBC", "", 0, 4, ""},
    {"\xF0\x9F\xA7\x91\xF0\x9F\x8F\xBC\xE2\x80\x8D\xF0\x9F\x8D\xBC", "", 0, 8, ""},
    {"\xF0\x9F\xA7\x91\xF0\x9F\x8F\xBD\xE2\x80\x8D\xF0\x9F\x8D\xBC", "", 0, 12, ""},
    {"\xF0\x9F\xA7\x91\xF0\x9F\x8F\xBE\xE2\x80\x8D\xF0\x9F\x8D\xBC", "", 0, 16, ""},
    {"\xF0\x9F\xA7\x91\xF0\x9F\x8F\xBF\xE2\x80\x8D\xF0\x9F\x8D\xBC", "", 0, 20, ""},
    {"\xF0\x9F\x91\xBC", "baby angel", 0, 2, ""},
    {"\xF0\x9F\x91\xBC\xF0\x9F\x8F\xBB", "", 0, 4, ""},
    {"\xF0\x9F\x91\xBC\xF0\x9F\x8F\xBC", "", 0, 8, ""},
    {"\xF0\x9F\x91\xBC\xF0\x9F\x8F\xBD", "", 0, 12, ""},
    {"\xF0\x9F\x91\xBC\xF0\x9F\x8F\xBE", "", 0, 16, ""},
    {"\xF0\x9F\x91\xBC\xF0\x9F\x8F\xBF", "", 0, 20, ""},
    {"\xF0\x9F\x8E\x85", "Santa Claus", 0, 2, "santa christmas"},
    {"\xF0\x9F\x8E\x85\xF0\x9F\x8F\xBB", "", 0, 4, ""},
    {"\xF0\x9F\x8E\x85\xF0\x9F\x8F\xBC", "", 0, 8, ""},
    {"\xF0\x9F\x8E\x85\xF0\x9F\x8F\xBD", "", 0, 12, ""},
    {"\xF0\x9F\x8E\x85\xF0\x9F\x8F\xBE", "", 0, 16, ""},
    {"\xF0\x9F\x8E\x85\xF0\x9F\x8F\xBF", "", 0, 20, ""},
    {"\xF0\x9F\xA4\xB6", "Mrs. Claus", 0, 2, ""},
    {"\xF0\x9F\xA4\xB6\xF0\x9F\x8F\xBB", "", 0, 4, ""},
    {"\xF0\x9F\xA4\xB6\xF0\x9F\x8F\xBC", "", 0, 8, ""},
    {"\xF0\x9F\xA4\xB6\xF0\x9F\x8F\xBD", "", 0, 12, ""},
    {"\xF0\x9F\xA4\xB6\xF0\x9F\x8F\xBE", "", 0, 16, ""},
    {"\xF0\x9F\xA4\xB6\xF0\x9F\x8F\xBF", "", 0, 20, ""},
    {"\xF0\x9F\xA7\x91\xE2\x80\x8D\xF0\x9F\x8E\x84", "mx claus", 0, 2, ""},
    {"\xF0\x9F\xA7\x91\xF0\x9F\x8F\xBB\xE2\x80\x8D\xF0\x9F\x8E\x84", "", 0, 4, ""},
    {"\xF0\x9F\xA7\x91\xF0\x9F\x8F\xBC\xE2\x80\x8D\xF0\x9F\x8E\x84", "", 0, 8, ""},
    {"\xF0\x9F\xA7\x91\xF0\x9F\x8F\xBD\xE2\x80\x8D\xF0\x9F\x8E\x84", "", 0, 12, ""},
    {"\xF0\x9F\xA7\x91\xF0\x9F\x8F\xBE\xE2\x80\x8D\xF0\x9F\x8E\x84", "", 0, 16, ""},
    {"\xF0\x9F\xA7\x91\xF0\x9F\x8F\xBF\xE2\x80\x8D\xF0\x9F\x8E\x84", "", 0, 20, ""},
    {"\xF0\x9F\xA6\xB8", "superhero", 0, 2, "superhero"},
    {"\xF0\x9F\xA6\xB8\xF0\x9F\x8F\xBB", "", 0, 4, ""},
    {"\xF0\x9F\xA6\xB8\xF0\x9F\x8F\xBC", "", 0, 8, ""},
    {"\xF0\x9F\xA6\xB8\xF0\x9F\x8F\xBD", "", 0, 12, ""},
    {"\xF0\x9F\xA6\xB8\xF0\x9F\x8F\xBE", "", 0, 16, ""},
    {"\xF0\x9F\xA6\xB8\xF0\x9F\x8F\xBF", "", 0, 20, ""},
    {"\xF0\x9F\xA6\xB8\xE2\x80\x8D\xE2\x99\x82\xEF\xB8\x8F", "man superhero", 0, 2, ""},
    {"\xF0\x9F\xA6\xB8\xF0\x9F\x8F\xBB\xE2\x80\x8D\xE2\x99\x82\xEF\xB8\x8F", "", 0, 4, ""},
    {"\xF0\x9F\xA6\xB8\xF0\x9F\x8F\xBC\xE2\x80\x8D\xE2\x99\x82\xEF\xB8\x8F", "", 0, 8, ""},
    {"\xF0\x9F\xA6\xB8\xF0\x9F\x8F\xBD\xE2\x80\x8D\xE2\x99\x82\xEF\xB8\x8F", "", 0, 12, ""},
    {"\xF0\x9F\xA6\xB8\xF0\x9F\x8F\xBE\xE2\x80\x8D\xE2\x99\x82\xEF\xB8\x8F", "", 0, 16, ""},
    {"\xF0\x9F\xA6\xB8\xF0\x9F\x8F\xBF\xE2\x80\x8D\xE2\x99\x82\xEF\xB8\x8F", "", 0, 20, ""},
    {"\xF0\x9F\xA6\xB8\xE2\x80\x8D\xE2\x99\x80\xEF\xB8\x8F", "woman superhero", 0, 2, ""},
    {"\xF0\x9F\xA6\xB8\xF0\x9F\x8F\xBB\xE2\x80\x8D\xE2\x99\x80\xEF\xB8\x8F", "", 0, 4, ""},
    {"\xF0\x9F\xA6\xB8\xF0\x9F\x8F\xBC\xE2\x80\x8D\xE2\x99\x80\xEF\xB8\x8F", "", 0, 8, ""},
    {"\xF0\x9F\xA6\xB8\xF0\x9F\x8F\xBD\xE2\x80\x8D\xE2\x99\x80\xEF\xB8\x8F", "", 0, 12, ""},
    {"\xF0\x9F\xA6\xB8\xF0\x9F\x8F\xBE\xE2\x80\x8D\xE2\x99\x80\xEF\xB8\x8F", "", 0, 16, ""},
    {"\xF0\x9F\xA6\xB8\xF0\x9F\x8F\xBF\xE2\x80\x8D\xE2\x99\x80\xEF\xB8\x8F", "", 0, 20, ""},
    {"\xF0\x9F\xA6\xB9", "supervillain", 0, 2, ""},
    {"\xF0\x9F\xA6\xB9\xF0\x9F\x8F\xBB", "", 0, 4, ""},
    {"\xF0\x9F\xA6\xB9\xF0\x9F\x8F\xBC", "", 0, 8, ""},
    {"\xF0\x9F\xA6\xB9\xF0\x9F\x8F\xBD", "", 0, 12, ""},
    {"\xF0\x9F\xA6\xB9\xF0\x9F\x8F\xBE", "", 0, 16, ""},
    {"\xF0\x9F\xA6\xB9\xF0\x9F\x8F\xBF", "", 0, 20, ""},
    {"\xF0\x9F\xA6\xB9\xE2\x80\x8D\xE2\x99\x82\xEF\xB8\x8F", "man supervillain", 0, 2, ""},
    {"\xF0\x9F\xA6\xB9\xF0\x9F\x8F\xBB\xE2\x80\x8D\xE2\x99\x82\xEF\xB8\x8F", "", 0, 4, ""},
    {"\xF0\x9F\xA6\xB9\xF0\x9F\x8F\xBC\xE2\x80\x8D\xE2\x99\x82\xEF\xB8\x8F", "", 0, 8, ""},
    {"\xF0\x9F\xA6\xB9\xF0\x9F\x8F\xBD\xE2\x80\x8D\xE2\x99\x82\xEF\xB8\x8F", "", 0, 12, ""},
    {"\xF0\x9F\xA6\xB9\xF0\x9F\x8F\xBE\xE2\x80\x8D\xE2\x99\x82\xEF\xB8\x8F", "", 0, 16, ""},
    {"\xF0\x9F\xA6\xB9\xF0\x9F\x8F\xBF\xE2\x80\x8D\xE2\x99\x82\xEF\xB8\x8F", "", 0, 20, ""},
    {"\xF0\x9F\xA6\xB9\xE2\x80\x8D\xE2\x99\x80\xEF\xB8\x8F", "woman supervillain", 0, 2, ""},
    {"\xF0\x9F\xA6\xB9\xF0\x9F\x8F\xBB\xE2\x80\x8D\xE2\x99\x80\xEF\xB8\x8F", "", 0, 4, ""},
    {"\xF0\x9F\xA6\xB9\xF0\x9F\x8F\xBC\xE2\x80\x8D\xE2\x99\x80\xEF\xB8\x8F", "", 0, 8, ""},
    {"\xF0\x9F\xA6\xB9\xF0\x9F\x8F\xBD\xE2\x80\x8D\xE2\x99\x80\xEF\xB8\x8F", "", 0, 12, ""},
    {"\xF0\x9F\xA6\xB9\xF0\x9F\x8F\xBE\xE2\x80\x8D\xE2\x99\x80\xEF\xB8\x8F", "", 0, 16, ""},
    {"\xF0\x9F\xA6\xB9\xF0\x9F\x8F\xBF\xE2\x80\x8D\xE2\x99\x80\xEF\xB8\x8F", "", 0, 20, ""},
    {"\xF0\x9F\xA7\x99", "mage", 0, 2, "wizard mage"},
    {"\xF0\x9F\xA7\x99\xF0\x9F\x8F\xBB", "", 0, 4, ""},
    {"\xF0\x9F\xA7\x99\xF0\x9F\x8F\xBC", "", 0, 8, ""},
    {"\xF0\x9F\xA7\x99\xF0\x9F\x8F\xBD", "", 0, 12, ""},
    {"\xF0\x9F\xA7\x99\xF0\x9F\x8F\xBE", "", 0, 16, ""},
    {"\xF0\x9F\xA7\x99\xF0\x9F\x8F\xBF", "", 0, 20, ""},
    {"\xF0\x9F\xA7\x99\xE2\x80\x8D\xE2\x99\x82\xEF\xB8\x8F", "man mage", 0, 2, ""},
    {"\xF0\x9F\xA7\x99\xF0\x9F\x8F\xBB\xE2\x80\x8D\xE2\x99\x82\xEF\xB8\x8F", "", 0, 4, ""},
    {"\xF0\x9F\xA7\x99\xF0\x9F\x8F\xBC\xE2\x80\x8D\xE2\x99\x82\xEF\xB8\x8F", "", 0, 8, ""},
    {"\xF0\x9F\xA7\x99\xF0\x9F\x8F\xBD\xE2\x80\x8D\xE2\x99\x82\xEF\xB8\x8F", "", 0, 12, ""},
    {"\xF0\x9F\xA7\x99\xF0\x9F\x8F\xBE\xE2\x80\x8D\xE2\x99\x82\xEF\xB8\x8F", "", 0, 16, ""},
    {"\xF0\x9F\xA7\x99\xF0\x9F\x8F\xBF\xE2\x80\x8D\xE2\x99\x82\xEF\xB8\x8F", "", 0, 20, ""},
    {"\xF0\x9F\xA7\x99\xE2\x80\x8D\xE2\x99\x80\xEF\xB8\x8F", "woman mage", 0, 2, ""},
    {"\xF0\x9F\xA7\x99\xF0\x9F\x8F\xBB\xE2\x80\x8D\xE2\x99\x80\xEF\xB8\x8F", "", 0, 4, ""},
    {"\xF0\x9F\xA7\x99\xF0\x9F\x8F\xBC\xE2\x80\x8D\xE2\x99\x80\xEF\xB8\x8F", "", 0, 8, ""},
    {"\xF0\x9F\xA7\x99\xF0\x9F\x8F\xBD\xE2\x80\x8D\xE2\x99\x80\xEF\xB8\x8F", "", 0, 12, ""},
    {"\xF0\x9F\xA7\x99\xF0\x9F\x8F\xBE\xE2\x80\x8D\xE2\x99\x80\xEF\xB8\x8F", "", 0, 16, ""},
    {"\xF0\x9F\xA7\x99\xF0\x9F\x8F\xBF\xE2\x80\x8D\xE2\x99\x80\xEF\xB8\x8F", "", 0, 20, ""},
    {"\xF0\x9F\xA7\x9A", "fairy", 0, 2, ""},
    {"\xF0\x9F\xA7\x9A\xF0\x9F\x8F\xBB", "", 0, 4, ""},
    {"\xF0\x9F\xA7\x9A\xF0\x9F\x8F\xBC", "", 0, 8, ""},
    {"\xF0\x9F\xA7\x9A\xF0\x9F\x8F\xBD", "", 0, 12, ""},
    {"\xF0\x9F\xA7\x9A\xF0\x9F\x8F\xBE", "", 0, 16, ""},
    {"\xF0\x9F\xA7\x9A\xF0\x9F\x8F\xBF", "", 0, 20, ""},
    {"\xF0\x9F\xA7\x9A\xE2\x80\x8D\xE2\x99\x82\xEF\xB8\x8F", "man fairy", 0, 2, ""},
    {"\xF0\x9F\xA7\x9A\xF0\x9F\x8F\xBB\xE2\x80\x8D\xE2\x99\x82\xEF\xB8\x8F", "", 0, 4, ""},
    {"\xF0\x9F\xA7\x9A\xF0\x9F\x8F\xBC\xE2\x80\x8D\xE2\x99\x82\xEF\xB8\x8F", "", 0, 8, ""},
    {"\xF0\x9F\xA7\x9A\xF0\x9F\x8F\xBD\xE2\x80\x8D\xE2\x99\x82\xEF\xB8\x8F", "", 0, 12, ""},
    {"\xF0\x9F\xA7\x9A\xF0\x9F\x8F\xBE\xE2\x80\x8D\xE2\x99\x82\xEF\xB8\x8F", "", 0, 16, ""},
    {"\xF0\x9F\xA7\x9A\xF0\x9F\x8F\xBF\xE2\x80\x8D\xE2\x99\x82\xEF\xB8\x8F", "", 0, 20, ""},
    {"\xF0\x9F\xA7\x9A\xE2\x80\x8D\xE2\x99\x80\xEF\xB8\x8F", "woman fairy", 0, 2, ""},
    {"\xF0\x9F\xA7\x9A\xF0\x9F\x8F\xBB\xE2\x80\x8D\xE2\x99\x80\xEF\xB8\x8F", "", 0, 4, ""},
    {"\xF0\x9F\xA7\x9A\xF0\x9F\x8F\xBC\xE2\x80\x8D\xE2\x99\x80\xEF\xB8\x8F", "", 0, 8, ""},
    {"\xF0\x9F\xA7\x9A\xF0\x9F\x8F\xBD\xE2\x80\x8D\xE2\x99\x80\xEF\xB8\x8F", "", 0, 12, ""},
    {"\xF0\x9F\xA7\x9A\xF0\x9F\x8F\xBE\xE2\x80\x8D\xE2\x99\x80\xEF\xB8\x8F", "", 0, 16, ""},
    {"\xF0\x9F\xA7\x9A\xF0\x9F\x8F\xBF\xE2\x80\x8D\xE2\x99\x80\xEF\xB8\x8F", "", 0, 20, ""},
    {"\xF0\x9F\xA7\x9B", "vampire", 0, 2, "vampire"},
    {"\xF0\x9F\xA7\x9B\xF0\x9F\x8F\xBB", "", 0, 4, ""},
    {"\xF0\x9F\xA7\x9B\xF0\x9F\x8F\xBC", "", 0, 8, ""},
    {"\xF0\x9F\xA7\x9B\xF0\x9F\x8F\xBD", "", 0, 12, ""},
    {"\xF0\x9F\xA7\x9B\xF0\x9F\x8F\xBE", "", 0, 16, ""},
    {"\xF0\x9F\xA7\x9B\xF0\x9F\x8F\xBF", "", 0, 20, ""},
    {"\xF0\x9F\xA7\x9B\xE2\x80\x8D\xE2\x99\x82\xEF\xB8\x8F", "man vampire", 0, 2, ""},
    {"\xF0\x9F\xA7\x9B\xF0\x9F\x8F\xBB\xE2\x80\x8D\xE2\x99\x82\xEF\xB8\x8F", "", 0, 4, ""},
    {"\xF0\x9F\xA7\x9B\xF0\x9F\x8F\xBC\xE2\x80\x8D\xE2\x99\x82\xEF\xB8\x8F", "", 0, 8, ""},
    {"\xF0\x9F\xA7\x9B\xF0\x9F\x8F\xBD\xE2\x80\x8D\xE2\x99\x82\xEF\xB8\x8F", "", 0, 12, ""},
    {"\xF0\x9F\xA7\x9B\xF0\x9F\x8F\xBE\xE2\x80\x8D\xE2\x99\x82\xEF\xB8\x8F", "", 0, 16, ""},
    {"\xF0\x9F\xA7\x9B\xF0\x9F\x8F\xBF\xE2\x80\x8D\xE2\x99\x82\xEF\xB8\x8F", "", 0, 20, ""},
    {"\xF0\x9F\xA7\x9B\xE2\x80\x8D\xE2\x99\x80\xEF\xB8\x8F", "woman vampire", 0, 2, ""},
    {"\xF0\x9F\xA7\x9B\xF0\x9F\x8F\xBB\xE2\x80\x8D\xE2\x99\x80\xEF\xB8\x8F", "", 0, 4, ""},
    {"\xF0\x9F\xA7\x9B\xF0\x9F\x8F\xBC\xE2\x80\x8D\xE2\x99\x80\xEF\xB8\x8F", "", 0, 8, ""},
    {"\xF0\x9F\xA7\x9B\xF0\x9F\x8F\xBD\xE2\x80\x8D\xE2\x99\x80\xEF\xB8\x8F", "", 0, 12, ""},
    {"\xF0\x9F\xA7\x9B\xF0\x9F\x8F\xBE\xE2\x80\x8D\xE2\x99\x80\xEF\xB8\x8F", "", 0, 16, ""},
    {"\xF0\x9F\xA7\x9B\xF0\x9F\x8F\xBF\xE2\x80\x8D\xE2\x99\x80\xEF\xB8\x8F", "", 0, 20, ""},
    {"\xF0\x9F\xA7\x9C", "merperson", 0, 2, ""},
    {"\xF0\x9F\xA7\x9C\xF0\x9F\x8F\xBB", "", 0, 4, ""},
    {"\xF0\x9F\xA7\x9C\xF0\x9F\x8F\xBC", "", 0, 8, ""},
    {"\xF0\x9F\xA7\x9C\xF0\x9F\x8F\xBD", "", 0, 12, ""},
    {"\xF0\x9F\xA7\x9C\xF0\x9F\x8F\xBE", "", 0, 16, ""},
    {"\xF0\x9F\xA7\x9C\xF0\x9F\x8F\xBF", "", 0, 20, ""},
    {"\xF0\x9F\xA7\x9C\xE2\x80\x8D\xE2\x99\x82\xEF\xB8\x8F", "merman", 0, 2, ""},
    {"\xF0\x9F\xA7\x9C\xF0\x9F\x8F\xBB\xE2\x80\x8D\xE2\x99\x82\xEF\xB8\x8F", "", 0, 4, ""},
    {"\xF0\x9F\xA7\x9C\xF0\x9F\x8F\xBC\xE2\x80\x8D\xE2\x99\x82\xEF\xB8\x8F", "", 0, 8, ""},
    {"\xF0\x9F\xA7\x9C\xF0\x9F\x8F\xBD\xE2\x80\x8D\xE2\x99\x82\xEF\xB8\x8F", "", 0, 12, ""},
    {"\xF0\x9F\xA7\x9C\xF0\x9F\x8F\xBE\xE2\x80\x8D\xE2\x99\x82\xEF\xB8\x8F", "", 0, 16, ""},
    {"\xF0\x9F\xA7\x9C\xF0\x9F\x8F\xBF\xE2\x80\x8D\xE2\x99\x82\xEF\xB8\x8F", "", 0, 20, ""},
    {"\xF0\x9F\xA7\x9C\xE2\x80\x8D\xE2\x99\x80\xEF\xB8\x8F", "mermaid", 0, 2, ""},
    {"\xF0\x9F\xA7\x9C\xF0\x9F\x8F\xBB\xE2\x80\x8D\xE2\x99\x80\xEF\xB8\x8F", "", 0, 4, ""},
    {"\xF0\x9F\xA7\x9C\xF0\x9F\x8F\xBC\xE2\x80\x8D\xE2\x99\x80\xEF\xB8\x8F", "", 0, 8, ""},
    {"\xF0\x9F\xA7\x9C\xF0\x9F\x8F\xBD\xE2\x80\x8D\xE2\x99\x80\xEF\xB8\x8F", "", 0, 12, ""},
    {"\xF0\x9F\xA7\x9C\xF0\x9F\x8F\xBE\xE2\x80\x8D\xE2\x99\x80\xEF\xB8\x8F", "", 0, 16, ""},
    {"\xF0\x9F\xA7\x9C\xF0\x9F\x8F\xBF\xE2\x80\x8D\xE2\x99\x80\xEF\xB8\x8F", "", 0, 20, ""},
    {"\xF0\x9F\xA7\x9D", "elf", 0, 2, ""},
    {"\xF0\x9F\xA7\x9D\xF0\x9F\x8F\xBB", "", 0, 4, ""},
    {"\xF0\x9F\xA7\x9D\xF0\x9F\x8F\xBC", "", 0, 8, ""},
    {"\xF0\x9F\xA7\x9D\xF0\x9F\x8F\xBD", "", 0, 12, ""},
    {"\xF0\x9F\xA7\x9D\xF0\x9F\x8F\xBE", "", 0, 16, ""},
    {"\xF0\x9F\xA7\x9D\xF0\x9F\x8F\xBF", "", 0, 20, ""},
    {"\xF0\x9F\xA7\x9D\xE2\x80\x8D\xE2\x99\x82\xEF\xB8\x8F", "man elf", 0, 2, ""},
    {"\xF0\x9F\xA7\x9D\xF0\x9F\x8F\xBB\xE2\x80\x8D\xE2\x99\x82\xEF\xB8\x8F", "", 0, 4, ""},
    {"\xF0\x9F\xA7\x9D\xF0\x9F\x8F\xBC\xE2\x80\x8D\xE2\x99\x82\xEF\xB8\x8F", "", 0, 8, ""},
    {"\xF0\x9F\xA7\x9D\xF0\x9F\x8F\xBD\xE2\x80\x8D\xE2\x99\x82\xEF\xB8\x8F", "", 0, 12, ""},
    {"\xF0\x9F\xA7\x9D\xF0\x9F\x8F\xBE\xE2\x80\x8D\xE2\x99\x82\xEF\xB8\x8F", "", 0, 16, ""},
    {"\xF0\x9F\xA7\x9D\xF0\x9F\x8F\xBF\xE2\x80\x8D\xE2\x99\x82\xEF\xB8\x8F", "", 0, 20, ""},
    {"\xF0\x9F\xA7\x9D\xE2\x80\x8D\xE2\x99\x80\xEF\xB8\x8F", "woman elf", 0, 2, ""},
    {"\xF0\x9F\xA7\x9D\xF0\x9F\x8F\xBB\xE2\x80\x8D\xE2\x99\x80\xEF\xB8\x8F", "", 0, 4, ""},
    {"\xF0\x9F\xA7\x9D\xF0\x9F\x8F\xBC\xE2\x80\x8D\xE2\x99\x80\xEF\xB8\x8F", "", 0, 8, ""},
    {"\xF0\x9F\xA7\x9D\xF0\x9F\x8F\xBD\xE2\x80\x8D\xE2\x99\x80\xEF\xB8\x8F", "", 0, 12, ""},
    {"\xF0\x9F\xA7\x9D\xF0\x9F\x8F\xBE\xE2\x80\x8D\xE2\x99\x80\xEF\xB8\x8F", "", 0, 16, ""},
    {"\xF0\x9F\xA7\x9D\xF0\x9F\x8F\xBF\xE2\x80\x8D\xE2\x99\x80\xEF\xB8\x8F", "", 0, 20, ""},
    {"\xF0\x9F\xA7\x9E", "genie", 0, 0, ""},
    {"\xF0\x9F\xA7\x9E\xE2\x80\x8D\xE2\x99\x82\xEF\xB8\x8F", "man genie", 0, 0, ""},
    {"\xF0\x9F\xA7\x9E\xE2\x80\x8D\xE2\x99\x80\xEF\xB8\x8F", "woman genie", 0, 0, ""},
    {"\xF0\x9F\xA7\x9F", "zombie", 0, 0, "zombie"},
    {"\xF0\x9F\xA7\x9F\xE2\x80\x8D\xE2\x99\x82\xEF\xB8\x8F", "man zombie", 0, 0, ""},
    {"\xF0\x9F\xA7\x9F\xE2\x80\x8D\xE2\x99\x80\xEF\xB8\x8F", "woman zombie", 0, 0, ""},
    {"\xF0\x9F\xA7\x8C", "troll", 0, 0, ""},
    {"\xF0\x9F\x92\x86", "person getting massage", 0, 2, ""},
    {"\xF0\x9F\x92\x86\xF0\x9F\x8F\xBB", "", 0, 4, ""},
    {"\xF0\x9F\x92\x86\xF0\x9F\x8F\xBC", "", 0, 8, ""},
    {"\xF0\x9F\x92\x86\xF0\x9F\x8F\xBD", "", 0, 12, ""},
    {"\xF0\x9F\x92\x86\xF0\x9F\x8F\xBE", "", 0, 16, ""},
    {"\xF0\x9F\x92\x86\xF0\x9F\x8F\xBF", "", 0, 20, ""},
    {"\xF0\x9F\x92\x86\xE2\x80\x8D\xE2\x99\x82\xEF\xB8\x8F", "man getting massage", 0, 2, ""},
    {"\xF0\x9F\x92\x86\xF0\x9F\x8F\xBB\xE2\x80\x8D\xE2\x99\x82\xEF\xB8\x8F", "", 0, 4, ""},
    {"\xF0\x9F\x92\x86\xF0\x9F\x8F\xBC\xE2\x80\x8D\xE2\x99\x82\xEF\xB8\x8F", "", 0, 8, ""},
    {"\xF0\x9F\x92\x86\xF0\x9F\x8F\xBD\xE2\x80\x8D\xE2\x99\x82\xEF\xB8\x8F", "", 0, 12, ""},
    {"\xF0\x9F\x92\x86\xF0\x9F\x8F\xBE\xE2\x80\x8D\xE2\x99\x82\xEF\xB8\x8F", "", 0, 16, ""},
    {"\xF0\x9F\x92\x86\xF0\x9F\x8F\xBF\xE2\x80\x8D\xE2\x99\x82\xEF\xB8\x8F", "", 0, 20, ""},
    {"\xF0\x9F\x92\x86\xE2\x80\x8D\xE2\x99\x80\xEF\xB8\x8F", "woman getting massage", 0, 2, ""},
    {"\xF0\x9F\x92\x86\xF0\x9F\x8F\xBB\xE2\x80\x8D\xE2\x99\x80\xEF\xB8\x8F", "", 0, 4, ""},
    {"\xF0\x9F\x92\x86\xF0\x9F\x8F\xBC\xE2\x80\x8D\xE2\x99\x80\xEF\xB8\x8F", "", 0, 8, ""},
    {"\xF0\x9F\x92\x86\xF0\x9F\x8F\xBD\xE2\x80\x8D\xE2\x99\x80\xEF\xB8\x8F", "", 0, 12, ""},
    {"\xF0\x9F\x92\x86\xF0\x9F\x8F\xBE\xE2\x80\x8D\xE2\x99\x80\xEF\xB8\x8F", "", 0, 16, ""},
    {"\xF0\x9F\x92\x86\xF0\x9F\x8F\xBF\xE2\x80\x8D\xE2\x99\x80\xEF\xB8\x8F", "", 0, 20, ""},
    {"\xF0\x9F\x92\x87", "person getting haircut", 0, 2, ""},
    {"\xF0\x9F\x92\x87\xF0\x9F\x8F\xBB", "", 0, 4, ""},
    {"\xF0\x9F\x92\x87\xF0\x9F\x8F\xBC", "", 0, 8, ""},
    {"\xF0\x9F\x92\x87\xF0\x9F\x8F\xBD", "", 0, 12, ""},
    {"\xF0\x9F\x92\x87\xF0\x9F\x8F\xBE", "", 0, 16, ""},
    {"\xF0\x9F\x92\x87\xF0\x9F\x8F\xBF", "", 0, 20, ""},
    {"\xF0\x9F\x92\x87\xE2\x80\x8D\xE2\x99\x82\xEF\xB8\x8F", "man getting haircut", 0, 2, ""},
    {"\xF0\x9F\x92\x87\xF0\x9F\x8F\xBB\xE2\x80\x8D\xE2\x99\x82\xEF\xB8\x8F", "", 0, 4, ""},
    {"\xF0\x9F\x92\x87\xF0\x9F\x8F\xBC\xE2\x80\x8D\xE2\x99\x82\xEF\xB8\x8F", "", 0, 8, ""},
    {"\xF0\x9F\x92\x87\xF0\x9F\x8F\xBD\xE2\x80\x8D\xE2\x99\x82\xEF\xB8\x8F", "", 0, 12, ""},
    {"\xF0\x9F\x92\x87\xF0\x9F\x8F\xBE\xE2\x80\x8D\xE2\x99\x82\xEF\xB8\x8F", "", 0, 16, ""},
    {"\xF0\x9F\x92\x87\xF0\x9F\x8F\xBF\xE2\x80\x8D\xE2\x99\x82\xEF\xB8\x8F", "", 0, 20, ""},
    {"\xF0\x9F\x92\x87\xE2\x80\x8D\xE2\x99\x80\xEF\xB8\x8F", "woman getting haircut", 0, 2, ""},
    {"\xF0\x9F\x92\x87\xF0\x9F\x8F\xBB\xE2\x80\x8D\xE2\x99\x80\xEF\xB8\x8F", "", 0, 4, ""},
    {"\xF0\x9F\x92\x87\xF0\x9F\x8F\xBC\xE2\x80\x8D\xE2\x99\x80\xEF\xB8\x8F", "", 0, 8, ""},
    {"\xF0\x9F\x92\x87\xF0\x9F\x8F\xBD\xE2\x80\x8D\xE2\x99\x80\xEF\xB8\x8F", "", 0, 12, ""},
    {"\xF0\x9F\x92\x87\xF0\x9F\x8F\xBE\xE2\x80\x8D\xE2\x99\x80\xEF\xB8\x8F", "", 0, 16, ""},
    {"\xF0\x9F\x92\x87\xF0\x9F\x8F\xBF\xE2\x80\x8D\xE2\x99\x80\xEF\xB8\x8F", "", 0, 20, ""},
    {"\xF0\x9F\x9A\xB6", "person walking", 0, 2, ""},
    {"\xF0\x9F\x9A\xB6\xF0\x9F\x8F\xBB", "", 0, 4, ""},
    {"\xF0\x9F\x9A\xB6\xF0\x9F\x8F\xBC", "", 0, 8, ""},
    {"\xF0\x9F\x9A\xB6\xF0\x9F\x8F\xBD", "", 0, 12, ""},
    {"\xF0\x9F\x9A\xB6\xF0\x9F\x8F\xBE", "", 0, 16, ""},
    {"\xF0\x9F\x9A\xB6\xF0\x9F\x8F\xBF", "", 0, 20, ""},
    {"\xF0\x9F\x9A\xB6\xE2\x80\x8D\xE2\x99\x82\xEF\xB8\x8F", "man walking", 0, 2, ""},
    {"\xF0\x9F\x9A\xB6\xF0\x9F\x8F\xBB\xE2\x80\x8D\xE2\x99\x82\xEF\xB8\x8F", "", 0, 4, ""},
    {"\xF0\x9F\x9A\xB6\xF0\x9F\x8F\xBC\xE2\x80\x8D\xE2\x99\x82\xEF\xB8\x8F", "", 0, 8, ""},
    {"\xF0\x9F\x9A\xB6\xF0\x9F\x8F\xBD\xE2\x80\x8D\xE2\x99\x82\xEF\xB8\x8F", "", 0, 12, ""},
    {"\xF0\x9F\x9A\xB6\xF0\x9F\x8F\xBE\xE2\x80\x8D\xE2\x99\x82\xEF\xB8\x8F", "", 0, 16, ""},
    {"\xF0\x9F\x9A\xB6\xF0\x9F\x8F\xBF\xE2\x80\x8D\xE2\x99\x82\xEF\xB8\x8F", "", 0, 20, ""},
    {"\xF0\x9F\x9A\xB6\xE2\x80\x8D\xE2\x99\x80\xEF\xB8\x8F", "woman walking", 0, 2, ""},
    {"\xF0\x9F\x9A\xB6\xF0\x9F\x8F\xBB\xE2\x80\x8D\xE2\x99\x80\xEF\xB8\x8F", "", 0, 4, ""},
    {"\xF0\x9F\x9A\xB6\xF0\x9F\x8F\xBC\xE2\x80\x8D\xE2\x99\x80\xEF\xB8\x8F", "", 0, 8, ""},
    {"\xF0\x9F\x9A\xB6\xF0\x9F\x8F\xBD\xE2\x80\x8D\xE2\x99\x80\xEF\xB8\x8F", "", 0, 12, ""},
    {"\xF0\x9F\x9A\xB6\xF0\x9F\x8F\xBE\xE2\x80\x8D\xE2\x99\x80\xEF\xB8\x8F", "", 0, 16, ""},
    {"\xF0\x9F\x9A\xB6\xF0\x9F\x8F\xBF\xE2\x80\x8D\xE2\x99\x80\xEF\xB8\x8F", "", 0, 20, ""},
    {"\xF0\x9F\xA7\x8D", "person standing", 0, 2, ""},
    {"\xF0\x9F\xA7\x8D\xF0\x9F\x8F\xBB", "", 0, 4, ""},
    {"\xF0\x9F\xA7\x8D\xF0\x9F\x8F\xBC", "", 0, 8, ""},
    {"\xF0\x9F\xA7\x8D\xF0\x9F\x8F\xBD", "", 0, 12, ""},
    {"\xF0\x9F\xA7\x8D\xF0\x9F\x8F\xBE", "", 0, 16, ""},
    {"\xF0\x9F\xA7\x8D\xF0\x9F\x8F\xBF", "", 0, 20, ""},
    {"\xF0\x9F\xA7\x8D\xE2\x80\x8D\xE2\x99\x82\xEF\xB8\x8F", "man standing", 0, 2, ""},
    {"\xF0\x9F\xA7\x8D\xF0\x9F\x8F\xBB\xE2\x80\x8D\xE2\x99\x82\xEF\xB8\x8F", "", 0, 4, ""},
    {"\xF0\x9F\xA7\x8D\xF0\x9F\x8F\xBC\xE2\x80\x8D\xE2\x99\x82\xEF\xB8\x8F", "", 0, 8, ""},
    {"\xF0\x9F\xA7\x8D\xF0\x9F\x8F\xBD\xE2\x80\x8D\xE2\x99\x82\xEF\xB8\x8F", "", 0, 12, ""},
    {"\xF0\x9F\xA7\x8D\xF0\x9F\x8F\xBE\xE2\x80\x8D\xE2\x99\x82\xEF\xB8\x8F", "", 0, 16, ""},
    {"\xF0\x9F\xA7\x8D\xF0\x9F\x8F\xBF\xE2\x80\x8D\xE2\x99\x82\xEF\xB8\x8F", "", 0, 20, ""},
    {"\xF0\x9F\xA7\x8D\xE2\x80\x8D\xE2\x99\x80\xEF\xB8\x8F", "woman standing", 0, 2, ""},
    {"\xF0\x9F\xA7\x8D\xF0\x9F\x8F\xBB\xE2\x80\x8D\xE2\x99\x80\xEF\xB8\x8F", "", 0, 4, ""},
    {"\xF0\x9F\xA7\x8D\xF0\x9F\x8F\xBC\xE2\x80\x8D\xE2\x99\x80\xEF\xB8\x8F", "", 0, 8, ""},
    {"\xF0\x9F\xA7\x8D\xF0\x9F\x8F\xBD\xE2\x80\x8D\xE2\x99\x80\xEF\xB8\x8F", "", 0, 12, ""},
    {"\xF0\x9F\xA7\x8D\xF0\x9F\x8F\xBE\xE2\x80\x8D\xE2\x99\x80\xEF\xB8\x8F", "", 0, 16, ""},
    {"\xF0\x9F\xA7\x8D\xF0\x9F\x8F\xBF\xE2\x80\x8D\xE2\x99\x80\xEF\xB8\x8F", "", 0, 20, ""},
    {"\xF0\x9F\xA7\x8E", "person kneeling", 0, 2, ""},
    {"\xF0\x9F\xA7\x8E\xF0\x9F\x8F\xBB", "", 0, 4, ""},
    {"\xF0\x9F\xA7\x8E\xF0\x9F\x8F\xBC", "", 0, 8, ""},
    {"\xF0\x9F\xA7\x8E\xF0\x9F\x8F\xBD", "", 0, 12, ""},
    {"\xF0\x9F\xA7\x8E\xF0\x9F\x8F\xBE", "", 0, 16, ""},
    {"\xF0\x9F\xA7\x8E\xF0\x9F\x8F\xBF", "", 0, 20, ""},
    {"\xF0\x9F\xA7\x8E\xE2\x80\x8D\xE2\x99\x82\xEF\xB8\x8F", "man kneeling", 0, 2, ""},
    {"\xF0\x9F\xA7\x8E\xF0\x9F\x8F\xBB\xE2\x80\x8D\xE2\x99\x82\xEF\xB8\x8F", "", 0, 4, ""},
    {"\xF0\x9F\xA7\x8E\xF0\x9F\x8F\xBC\xE2\x80\x8D\xE2\x99\x82\xEF\xB8\x8F", "", 0, 8, ""},
    {"\xF0\x9F\xA7\x8E\xF0\x9F\x8F\xBD\xE2\x80\x8D\xE2\x99\x82\xEF\xB8\x8F", "", 0, 12, ""},
    {"\xF0\x9F\xA7\x8E\xF0\x9F\x8F\xBE\xE2\x80\x8D\xE2\x99\x82\xEF\xB8\x8F", "", 0, 16, ""},
    {"\xF0\x9F\xA7\x8E\xF0\x9F\x8F\xBF\xE2\x80\x8D\xE2\x99\x82\xEF\xB8\x8F", "", 0, 20, ""},
    {"\xF0\x9F\xA7\x8E\xE2\x80\x8D\xE2\x99\x80\xEF\xB8\x8F", "woman kneeling", 0, 2, ""},
    {"\xF0\x9F\xA7\x8E\xF0\x9F\x8F\xBB\xE2\x80\x8D\xE2\x99\x80\xEF\xB8\x8F", "", 0, 4, ""},
    {"\xF0\x9F\xA7\x8E\xF0\x9F\x8F\xBC\xE2\x80\x8D\xE2\x99\x80\xEF\xB8\x8F", "", 0, 8, ""},
    {"\xF0\x9F\xA7\x8E\xF0\x9F\x8F\xBD\xE2\x80\x8D\xE2\x99\x80\xEF\xB8\x8F", "", 0, 12, ""},
    {"\xF0\x9F\xA7\x8E\xF0\x9F\x8F\xBE\xE2\x80\x8D\xE2\x99\x80\xEF\xB8\x8F", "", 0, 16, ""},
    {"\xF0\x9F\xA7\x8E\xF0\x9F\x8F\xBF\xE2\x80\x8D\xE2\x99\x80\xEF\xB8\x8F", "", 0, 20, ""},
    {"\xF0\x9F\xA7\x91\xE2\x80\x8D\xF0\x9F\xA6\xAF", "person with white cane", 0, 2, ""},
    {"\xF0\x9F\xA7\x91\xF0\x9F\x8F\xBB\xE2\x80\x8D\xF0\x9F\xA6\xAF", "", 0, 4, ""},
    {"\xF0\x9F\xA7\x91\xF0\x9F\x8F\xBC\xE2\x80\x8D\xF0\x9F\xA6\xAF", "", 0, 8, ""},
    {"\xF0\x9F\xA7\x91\xF0\x9F\x8F\xBD\xE2\x80\x8D\xF0\x9F\xA6\xAF", "", 0, 12, ""},
    {"\xF0\x9F\xA7\x91\xF0\x9F\x8F\xBE\xE2\x80\x8D\xF0\x9F\xA6\xAF", "", 0, 16, ""},
    {"\xF0\x9F\xA7\x91\xF0\x9F\x8F\xBF\xE2\x80\x8D\xF0\x9F\xA6\xAF", "", 0, 20, ""},
    {"\xF0\x9F\x91\xA8\xE2\x80\x8D\xF0\x9F\xA6\xAF", "man with white cane", 0, 2, ""},
    {"\xF0\x9F\x91\xA8\xF0\x9F\x8F\xBB\xE2\x80\x8D\xF0\x9F\xA6\xAF", "", 0, 4, ""},
    {"\xF0\x9F\x91\xA8\xF0\x9F\x8F\xBC\xE2\x80\x8D\xF0\x9F\xA6\xAF", "", 0, 8, ""},
    {"\xF0\x9F\x91\xA8\xF0\x9F\x8F\xBD\xE2\x80\x8D\xF0\x9F\xA6\xAF", "", 0, 12, ""},
    {"\xF0\x9F\x91\xA8\xF0\x9F\x8F\xBE\xE2\x80\x8D\xF0\x9F\xA6\xAF", "", 0, 16, ""},
    {"\xF0\x9F\x91\xA8\xF0\x9F\x8F\xBF\xE2\x80\x8D\xF0\x9F\xA6\xAF", "", 0, 20, ""},
    {"\xF0\x9F\x91\xA9\xE2\x80\x8D\xF0\x9F\xA6\xAF", "woman with white cane", 0, 2, ""},
    {"\xF0\x9F\x91\xA9\xF0\x9F\x8F\xBB\xE2\x80\x8D\xF0\x9F\xA6\xAF", "", 0, 4, ""},
    {"\xF0\x9F\x91\xA9\xF0\x9F\x8F\xBC\xE2\x80\x8D\xF0\x9F\xA6\xAF", "", 0, 8, ""},
    {"\xF0\x9F\x91\xA9\xF0\x9F\x8F\xBD\xE2\x80\x8D\xF0\x9F\xA6\xAF", "", 0, 12, ""},
    {"\xF0\x9F\x91\xA9\xF0\x9F\x8F\xBE\xE2\x80\x8D\xF0\x9F\xA6\xAF", "", 0, 16, ""},
    {"\xF0\x9F\x91\xA9\xF0\x9F\x8F\xBF\xE2\x80\x8D\xF0\x9F\xA6\xAF", "", 0, 20, ""},
    {"\xF0\x9F\xA7\x91\xE2\x80\x8D\xF0\x9F\xA6\xBC", "person in motorized wheelchair", 0, 2, ""},
    {"\xF0\x9F\xA7\x91\xF0\x9F\x8F\xBB\xE2\x80\x8D\xF0\x9F\xA6\xBC", "", 0, 4, ""},
    {"\xF0\x9F\xA7\x91\xF0\x9F\x8F\xBC\xE2\x80\x8D\xF0\x9F\xA6\xBC", "", 0, 8, ""},
    {"\xF0\x9F\xA7\x91\xF0\x9F\x8F\xBD\xE2\x80\x8D\xF0\x9F\xA6\xBC", "", 0, 12, ""},
    {"\xF0\x9F\xA7\x91\xF0\x9F\x8F\xBE\xE2\x80\x8D\xF0\x9F\xA6\xBC", "", 0, 16, ""},
    {"\xF0\x9F\xA7\x91\xF0\x9F\x8F\xBF\xE2\x80\x8D\xF0\x9F\xA6\xBC", "", 0, 20, ""},
    {"\xF0\x9F\x91\xA8\xE2\x80\x8D\xF0\x9F\xA6\xBC", "man in motorized wheelchair", 0, 2, ""},
    {"\xF0\x9F\x91\xA8\xF0\x9F\x8F\xBB\xE2\x80\x8D\xF0\x9F\xA6\xBC", "", 0, 4, ""},
    {"\xF0\x9F\x91\xA8\xF0\x9F\x8F\xBC\xE2\x80\x8D\xF0\x9F\xA6\xBC", "", 0, 8, ""},
    {"\xF0\x9F\x91\xA8\xF0\x9F\x8F\xBD\xE2\x80\x8D\xF0\x9F\xA6\xBC", "", 0, 12, ""},
    {"\xF0\x9F\x91\xA8\xF0\x9F\x8F\xBE\xE2\x80\x8D\xF0\x9F\xA6\xBC", "", 0, 16, ""},
    {"\xF0\x9F\x91\xA8\xF0\x9F\x8F\xBF\xE2\x80\x8D\xF0\x9F\xA6\xBC", "", 0, 20, ""},
    {"\xF0\x9F\x91\xA9\xE2\x80\x8D\xF0\x9F\xA6\xBC", "woman in motorized wheelchair", 0, 2, ""},
    {"\xF0\x9F\x91\xA9\xF0\x9F\x8F\xBB\xE2\x80\x8D\xF0\x9F\xA6\xBC", "", 0, 4, ""},
    {"\xF0\x9F\x91\xA9\xF0\x9F\x8F\xBC\xE2\x80\x8D\xF0\x9F\xA6\xBC", "", 0, 8, ""},
    {"\xF0\x9F\x91\xA9\xF0\x9F\x8F\xBD\xE2\x80\x8D\xF0\x9F\xA6\xBC", "", 0, 12, ""},
    {"\xF0\x9F\x91\xA9\xF0\x9F\x8F\xBE\xE2\x80\x8D\xF0\x9F\xA6\xBC", "", 0, 16, ""},
    {"\xF0\x9F\x91\xA9\xF0\x9F\x8F\xBF\xE2\x80\x8D\xF0\x9F\xA6\xBC", "", 0, 20, ""},
    {"\xF0\x9F\xA7\x91\xE2\x80\x8D\xF0\x9F\xA6\xBD", "person in manual wheelchair", 0, 2, ""},
    {"\xF0\x9F\xA7\x91\xF0\x9F\x8F\xBB\xE2\x80\x8D\xF0\x9F\xA6\xBD", "", 0, 4, ""},
    {"\xF0\x9F\xA7\x91\xF0\x9F\x8F\xBC\xE2\x80\x8D\xF0\x9F\xA6\xBD", "", 0, 8, ""},
    {"\xF0\x9F\xA7\x91\xF0\x9F\x8F\xBD\xE2\x80\x8D\xF0\x9F\xA6\xBD", "", 0, 12, ""},
    {"\xF0\x9F\xA7\x91\xF0\x9F\x8F\xBE\xE2\x80\x8D\xF0\x9F\xA6\xBD", "", 0, 16, ""},
    {"\xF0\x9F\xA7\x91\xF0\x9F\x8F\xBF\xE2\x80\x8D\xF0\x9F\xA6\xBD", "", 0, 20, ""},
    {"\xF0\x9F\x91\xA8\xE2\x80\x8D\xF0\x9F\xA6\xBD", "man in manual wheelchair", 0, 2, ""},
    {"\xF0\x9F\x91\xA8\xF0\x9F\x8F\xBB\xE2\x80\x8D\xF0\x9F\xA6\xBD", "", 0, 4, ""},
    {"\xF0\x9F\x91\xA8\xF0\x9F\x8F\xBC\xE2\x80\x8D\xF0\x9F\xA6\xBD", "", 0, 8, ""},
    {"\xF0\x9F\x91\xA8\xF0\x9F\x8F\xBD\xE2\x80\x8D\xF0\x9F\xA6\xBD", "", 0, 12, ""},
    {"\xF0\x9F\x91\xA8\xF0\x9F\x8F\xBE\xE2\x80\x8D\xF0\x9F\xA6\xBD", "", 0, 16, ""},
    {"\xF0\x9F\x91\xA8\xF0\x9F\x8F\xBF\xE2\x80\x8D\xF0\x9F\xA6\xBD", "", 0, 20, ""},
    {"\xF0\x9F\x91\xA9\xE2\x80\x8D\xF0\x9F\xA6\xBD", "woman in manual wheelchair", 0, 2, ""},
    {"\xF0\x9F\x91\xA9\xF0\x9F\x8F\xBB\xE2\x80\x8D\xF0\x9F\xA6\xBD", "", 0, 4, ""},
    {"\xF0\x9F\x91\xA9\xF0\x9F\x8F\xBC\xE2\x80\x8D\xF0\x9F\xA6\xBD", "", 0, 8, ""},
    {"\xF0\x9F\x91\xA9\xF0\x9F\x8F\xBD\xE2\x80\x8D\xF0\x9F\xA6\xBD", "", 0, 12, ""},
    {"\xF0\x9F\x91\xA9\xF0\x9F\x8F\xBE\xE2\x80\x8D\xF0\x9F\xA6\xBD", "", 0, 16, ""},
    {"\xF0\x9F\x91\xA9\xF0\x9F\x8F\xBF\xE2\x80\x8D\xF0\x9F\xA6\xBD", "", 0, 20, ""},
    {"\xF0\x9F\x8F\x83", "person running", 0, 2, ""},
    {"\xF0\x9F\x8F\x83\xF0\x9F\x8F\xBB", "", 0, 4, ""},
    {"\xF0\x9F\x8F\x83\xF0\x9F\x8F\xBC", "", 0, 8, ""},
    {"\xF0\x9F\x8F\x83\xF0\x9F\x8F\xBD", "", 0, 12, ""},
    {"\xF0\x9F\x8F\x83\xF0\x9F\x8F\xBE", "", 0, 16, ""},
    {"\xF0\x9F\x8F\x83\xF0\x9F\x8F\xBF", "", 0, 20, ""},
    {"\xF0\x9F\x8F\x83\xE2\x80\x8D\xE2\x99\x82\xEF\xB8\x8F", "man running", 0, 2, ""},
    {"\xF0\x9F\x8F\x83\xF0\x9F\x8F\xBB\xE2\x80\x8D\xE2\x99\x82\xEF\xB8\x8F", "", 0, 4, ""},
    {"\xF0\x9F\x8F\x83\xF0\x9F\x8F\xBC\xE2\x80\x8D\xE2\x99\x82\xEF\xB8\x8F", "", 0, 8, ""},
    {"\xF0\x9F\x8F\x83\xF0\x9F\x8F\xBD\xE2\x80\x8D\xE2\x99\x82\xEF\xB8\x8F", "", 0, 12, ""},
    {"\xF0\x9F\x8F\x83\xF0\x9F\x8F\xBE\xE2\x80\x8D\xE2\x99\x82\xEF\xB8\x8F", "", 0, 16, ""},
    {"\xF0\x9F\x8F\x83\xF0\x9F\x8F\xBF\xE2\x80\x8D\xE2\x99\x82\xEF\xB8\x8F", "", 0, 20, ""},
    {"\xF0\x9F\x8F\x83\xE2\x80\x8D\xE2\x99\x80\xEF\xB8\x8F", "woman running", 0, 2, ""},
    {"\xF0\x9F\x8F\x83\xF0\x9F\x8F\xBB\xE2\x80\x8D\xE2\x99\x80\xEF\xB8\x8F", "", 0, 4, ""},
    {"\xF0\x9F\x8F\x83\xF0\x9F\x8F\xBC\xE2\x80\x8D\xE2\x99\x80\xEF\xB8\x8F", "", 0, 8, ""},
    {"\xF0\x9F\x8F\x83\xF0\x9F\x8F\xBD\xE2\x80\x8D\xE2\x99\x80\xEF\xB8\x8F", "", 0, 12, ""},
    {"\xF0\x9F\x8F\x83\xF0\x9F\x8F\xBE\xE2\x80\x8D\xE2\x99\x80\xEF\xB8\x8F", "", 0, 16, ""},
    {"\xF0\x9F\x8F\x83\xF0\x9F\x8F\xBF\xE2\x80\x8D\xE2\x99\x80\xEF\xB8\x8F", "", 0, 20, ""},
    {"\xF0\x9F\x92\x83", "woman dancing", 0, 2, ""},
    {"\xF0\x9F\x92\x83\xF0\x9F\x8F\xBB", "", 0, 4, ""},
    {"\xF0\x9F\x92\x83\xF0\x9F\x8F\xBC", "", 0, 8, ""},
    {"\xF0\x9F\x92\x83\xF0\x9F\x8F\xBD", "", 0, 12, ""},
    {"\xF0\x9F\x92\x83\xF0\x9F\x8F\xBE", "", 0, 16, ""},
    {"\xF0\x9F\x92\x83\xF0\x9F\x8F\xBF", "", 0, 20, ""},
    {"\xF0\x9F\x95\xBA", "man dancing", 0, 2, ""},
    {"\xF0\x9F\x95\xBA\xF0\x9F\x8F\xBB", "", 0, 4, ""},
    {"\xF0\x9F\x95\xBA\xF0\x9F\x8F\xBC", "", 0, 8, ""},
    {"\xF0\x9F\x95\xBA\xF0\x9F\x8F\xBD", "", 0, 12, ""},
    {"\xF0\x9F\x95\xBA\xF0\x9F\x8F\xBE", "", 0, 16, ""},
    {"\xF0\x9F\x95\xBA\xF0\x9F\x8F\xBF", "", 0, 20, ""},
    {"\xF0\x9F\x95\xB4\xEF\xB8\x8F", "person in suit levitating", 0, 3, ""},
    {"\xF0\x9F\x95\xB4\xF0\x9F\x8F\xBB", "", 0, 4, ""},
    {"\xF0\x9F\x95\xB4\xF0\x9F\x8F\xBC", "", 0, 8, ""},
    {"\xF0\x9F\x95\xB4\xF0\x9F\x8F\xBD", "", 0, 12, ""},
    {"\xF0\x9F\x95\xB4\xF0\x9F\x8F\xBE", "", 0, 16, ""},
    {"\xF0\x9F\x95\xB4\xF0\x9F\x8F\xBF", "", 0, 20, ""},
    {"\xF0\x9F\x91\xAF", "people with bunny ears", 0, 0, ""},
    {"\xF0\x9F\x91\xAF\xE2\x80\x8D\xE2\x99\x82\xEF\xB8\x8F", "men with bunny ears", 0, 0, ""},
    {"\xF0\x9F\x91\xAF\xE2\x80\x8D\xE2\x99\x80\xEF\xB8\x8F", "women with bunny ears", 0, 0, ""},
    {"\xF0\x9F\xA7\x96", "person in steamy room", 0, 2, ""},
    {"\xF0\x9F\xA7\x96\xF0\x9F\x8F\xBB", "", 0, 4, ""},
    {"\xF0\x9F\xA7\x96\xF0\x9F\x8F\xBC", "", 0, 8, ""},
    {"\xF0\x9F\xA7\x96\xF0\x9F\x8F\xBD", "", 0, 12, ""},
    {"\xF0\x9F\xA7\x96\xF0\x9F\x8F\xBE", "", 0, 16, ""},
    {"\xF0\x9F\xA7\x96\xF0\x9F\x8F\xBF", "", 0, 20, ""},
    {"\xF0\x9F\xA7\x96\xE2\x80\x8D\xE2\x99\x82\xEF\xB8\x8F", "man in steamy room", 0, 2, ""},
    {"\xF0\x9F\xA7\x96\xF0\x9F\x8F\xBB\xE2\x80\x8D\xE2\x99\x82\xEF\xB8\x8F", "", 0, 4, ""},
    {"\xF0\x9F\xA7\x96\xF0\x9F\x8F\xBC\xE2\x80\x8D\xE2\x99\x82\xEF\xB8\x8F", "", 0, 8, ""},
    {"\xF0\x9F\xA7\x96\xF0\x9F\x8F\xBD\xE2\x80\x8D\xE2\x99\x82\xEF\xB8\x8F", "", 0, 12, ""},
    {"\xF0\x9F\xA7\x96\xF0\x9F\x8F\xBE\xE2\x80\x8D\xE2\x99\x82\xEF\xB8\x8F", "", 0, 16, ""},
    {"\xF0\x9F\xA7\x96\xF0\x9F\x8F\xBF\xE2\x80\x8D\xE2\x99\x82\xEF\xB8\x8F", "", 0, 20, ""},
    {"\xF0\x9F\xA7\x96\xE2\x80\x8D\xE2\x99\x80\xEF\xB8\x8F", "woman in steamy room", 0, 2, ""},
    {"\xF0\x9F\xA7\x96\xF0\x9F\x8F\xBB\xE2\x80\x8D\xE2\x99\x80\xEF\xB8\x8F", "", 0, 4, ""},
    {"\xF0\x9F\xA7\x96\xF0\x9F\x8F\xBC\xE2\x80\x8D\xE2\x99\x80\xEF\xB8\x8F", "", 0, 8, ""},
    {"\xF0\x9F\xA7\x96\xF0\x9F\x8F\xBD\xE2\x80\x8D\xE2\x99\x80\xEF\xB8\x8F", "", 0, 12, ""},
    {"\xF0\x9F\xA7\x96\xF0\x9F\x8F\xBE\xE2\x80\x8D\xE2\x99\x80\xEF\xB8\x8F", "", 0, 16, ""},
    {"\xF0\x9F\xA7\x96\xF0\x9F\x8F\xBF\xE2\x80\x8D\xE2\x99\x80\xEF\xB8\x8F", "", 0, 20, ""},
    {"\xF0\x9F\xA7\x97", "person climbing", 0, 2, ""},
    {"\xF0\x9F\xA7\x97\xF0\x9F\x8F\xBB", "", 0, 4, ""},
    {"\xF0\x9F\xA7\x97\xF0\x9F\x8F\xBC", "", 0, 8, ""},
    {"\xF0\x9F\xA7\x97\xF0\x9F\x8F\xBD", "", 0, 12, ""},
    {"\xF0\x9F\xA7\x97\xF0\x9F\x8F\xBE", "", 0, 16, ""},
    {"\xF0\x9F\xA7\x97\xF0\x9F\x8F\xBF", "", 0, 20, ""},
    {"\xF0\x9F\xA7\x97\xE2\x80\x8D\xE2\x99\x82\xEF\xB8\x8F", "man climbing", 0, 2, ""},
    {"\xF0\x9F\xA7\x97\xF0\x9F\x8F\xBB\xE2\x80\x8D\xE2\x99\x82\xEF\xB8\x8F", "", 0, 4, ""},
    {"\xF0\x9F\xA7\x97\xF0\x9F\x8F\xBC\xE2\x80\x8D\xE2\x99\x82\xEF\xB8\x8F", "", 0, 8, ""},
    {"\xF0\x9F\xA7\x97\xF0\x9F\x8F\xBD\xE2\x80\x8D\xE2\x99\x82\xEF\xB8\x8F", "", 0, 12, ""},
    {"\xF0\x9F\xA7\x97\xF0\x9F\x8F\xBE\xE2\x80\x8D\xE2\x99\x82\xEF\xB8\x8F", "", 0, 16, ""},
    {"\xF0\x9F\xA7\x97\xF0\x9F\x8F\xBF\xE2\x80\x8D\xE2\x99\x82\xEF\xB8\x8F", "", 0, 20, ""},
    {"\xF0\x9F\xA7\x97\xE2\x80\x8D\xE2\x99\x80\xEF\xB8\x8F", "woman climbing", 0, 2, ""},
    {"\xF0\x9F\xA7\x97\xF0\x9F\x8F\xBB\xE2\x80\x8D\xE2\x99\x80\xEF\xB8\x8F", "", 0, 4, ""},
    {"\xF0\x9F\xA7\x97\xF0\x9F\x8F\xBC\xE2\x80\x8D\xE2\x99\x80\xEF\xB8\x8F", "", 0, 8, ""},
    {"\xF0\x9F\xA7\x97\xF0\x9F\x8F\xBD\xE2\x80\x8D\xE2\x99\x80\xEF\xB8\x8F", "", 0, 12, ""},
    {"\xF0\x9F\xA7\x97\xF0\x9F\x8F\xBE\xE2\x80\x8D\xE2\x99\x80\xEF\xB8\x8F", "", 0, 16, ""},
    {"\xF0\x9F\xA7\x97\xF0\x9F\x8F\xBF\xE2\x80\x8D\xE2\x99\x80\xEF\xB8\x8F", "", 0, 20, ""},
    {"\xF0\x9F\xA4\xBA", "person fencing", 0, 0, ""},
    {"\xF0\x9F\x8F\x87", "horse racing", 0, 2, ""},
    {"\xF0\x9F\x8F\x87\xF0\x9F\x8F\xBB", "", 0, 4, ""},
    {"\xF0\x9F\x8F\x87\xF0\x9F\x8F\xBC", "", 0, 8, ""},
    {"\xF0\x9F\x8F\x87\xF0\x9F\x8F\xBD", "", 0, 12, ""},
    {"\xF0\x9F\x8F\x87\xF0\x9F\x8F\xBE", "", 0, 16, ""},
    {"\xF0\x9F\x8F\x87\xF0\x9F\x8F\xBF", "", 0, 20, ""},
    {"\xE2\x9B\xB7\xEF\xB8\x8F", "skier", 0, 1, ""},
    {"\xF0\x9F\x8F\x82", "snowboarder", 0, 2, ""},
    {"\xF0\x9F\x8F\x82\xF0\x9F\x8F\xBB", "", 0, 4, ""},
    {"\xF0\x9F\x8F\x82\xF0\x9F\x8F\xBC", "", 0, 8, ""},
    {"\xF0\x9F\x8F\x82\xF0\x9F\x8F\xBD", "", 0, 12, ""},
    {"\xF0\x9F\x8F\x82\xF0\x9F\x8F\xBE", "", 0, 16, ""},
    {"\xF0\x9F\x8F\x82\xF0\x9F\x8F\xBF", "", 0, 20, ""},
    {"\xF0\x9F\x8F\x8C\xEF\xB8\x8F", "person golfing", 0, 3, ""},
    {"\xF0\x9F\x8F\x8C\xF0\x9F\x8F\xBB", "", 0, 4, ""},
    {"\xF0\x9F\x8F\x8C\xF0\x9F\x8F\xBC", "", 0, 8, ""},
    {"\xF0\x9F\x8F\x8C\xF0\x9F\x8F\xBD", "", 0, 12, ""},
    {"\xF0\x9F\x8F\x8C\xF0\x9F\x8F\xBE", "", 0, 16, ""},
    {"\xF0\x9F\x8F\x8C\xF0\x9F\x8F\xBF", "", 0, 20, ""},
    {"\xF0\x9F\x8F\x8C\xEF\xB8\x8F\xE2\x80\x8D\xE2\x99\x82\xEF\xB8\x8F", "man golfing", 0, 2, ""},
    {"\xF0\x9F\x8F\x8C\xF0\x9F\x8F\xBB\xE2\x80\x8D\xE2\x99\x82\xEF\xB8\x8F", "", 0, 4, ""},
    {"\xF0\x9F\x8F\x8C\xF0\x9F\x8F\xBC\xE2\x80\x8D\xE2\x99\x82\xEF\xB8\x8F", "", 0, 8, ""},
    {"\xF0\x9F\x8F\x8C\xF0\x9F\x8F\xBD\xE2\x80\x8D\xE2\x99\x82\xEF\xB8\x8F", "", 0, 12, ""},
    {"\xF0\x9F\x8F\x8C\xF0\x9F\x8F\xBE\xE2\x80\x8D\xE2\x99\x82\xEF\xB8\x8F", "", 0, 16, ""},
    {"\xF0\x9F\x8F\x8C\xF0\x9F\x8F\xBF\xE2\x80\x8D\xE2\x99\x82\xEF\xB8\x8F", "", 0, 20, ""},
    {"\xF0\x9F\x8F\x8C\xEF\xB8\x8F\xE2\x80\x8D\xE2\x99\x80\xEF\xB8\x8F", "woman golfing", 0, 2, ""},
    {"\xF0\x9F\x8F\x8C\xF0\x9F\x8F\xBB\xE2\x80\x8D\xE2\x99\x80\xEF\xB8\x8F", "", 0, 4, ""},
    {"\xF0\x9F\x8F\x8C\xF0\x9F\x8F\xBC\xE2\x80\x8D\xE2\x99\x80\xEF\xB8\x8F", "", 0, 8, ""},
    {"\xF0\x9F\x8F\x8C\xF0\x9F\x8F\xBD\xE2\x80\x8D\xE2\x99\x80\xEF\xB8\x8F", "", 0, 12, ""},
    {"\xF0\x9F\x8F\x8C\xF0\x9F\x8F\xBE\xE2\x80\x8D\xE2\x99\x80\xEF\xB8\x8F", "", 0, 16, ""},
    {"\xF0\x9F\x8F\x8C\xF0\x9F\x8F\xBF\xE2\x80\x8D\xE2\x99\x80\xEF\xB8\x8F", "", 0, 20, ""},
    {"\xF0\x9F\x8F\x84", "person surfing", 0, 2, ""},
    {"\xF0\x9F\x8F\x84\xF0\x9F\x8F\xBB", "", 0, 4, ""},
    {"\xF0\x9F\x8F\x84\xF0\x9F\x8F\xBC", "", 0, 8, ""},
    {"\xF0\x9F\x8F\x84\xF0\x9F\x8F\xBD", "", 0, 12, ""},
    {"\xF0\x9F\x8F\x84\xF0\x9F\x8F\xBE", "", 0, 16, ""},
    {"\xF0\x9F\x8F\x84\xF0\x9F\x8F\xBF", "", 0, 20, ""},
    {"\xF0\x9F\x8F\x84\xE2\x80\x8D\xE2\x99\x82\xEF\xB8\x8F", "man surfing", 0, 2, ""},
    {"\xF0\x9F\x8F\x84\xF0\x9F\x8F\xBB\xE2\x80\x8D\xE2\x99\x82\xEF\xB8\x8F", "", 0, 4, ""},
    {"\xF0\x9F\x8F\x84\xF0\x9F\x8F\xBC\xE2\x80\x8D\xE2\x99\x82\xEF\xB8\x8F", "", 0, 8, ""},
    {"\xF0\x9F\x8F\x84\xF0\x9F\x8F\xBD\xE2\x80\x8D\xE2\x99\x82\xEF\xB8\x8F", "", 0, 12, ""},
    {"\xF0\x9F\x8F\x84\xF0\x9F\x8F\xBE\xE2\x80\x8D\xE2\x99\x82\xEF\xB8\x8F", "", 0, 16, ""},
    {"\xF0\x9F\x8F\x84\xF0\x9F\x8F\xBF\xE2\x80\x8D\xE2\x99\x82\xEF\xB8\x8F", "", 0, 20, ""},
    {"\xF0\x9F\x8F\x84\xE2\x80\x8D\xE2\x99\x80\xEF\xB8\x8F", "woman surfing", 0, 2, ""},
    {"\xF0\x9F\x8F\x84\xF0\x9F\x8F\xBB\xE2\x80\x8D\xE2\x99\x80\xEF\xB8\x8F", "", 0, 4, ""},
    {"\xF0\x9F\x8F\x84\xF0\x9F\x8F\xBC\xE2\x80\x8D\xE2\x99\x80\xEF\xB8\x8F", "", 0, 8, ""},
    {"\xF0\x9F\x8F\x84\xF0\x9F\x8F\xBD\xE2\x80\x8D\xE2\x99\x80\xEF\xB8\x8F", "", 0, 12, ""},
    {"\xF0\x9F\x8F\x84\xF0\x9F\x8F\xBE\xE2\x80\x8D\xE2\x99\x80\xEF\xB8\x8F", "", 0, 16, ""},
    {"\xF0\x9F\x8F\x84\xF0\x9F\x8F\xBF\xE2\x80\x8D\xE2\x99\x80\xEF\xB8\x8F", "", 0, 20, ""},
    {"\xF0\x9F\x9A\xA3", "person rowing boat", 0, 2, ""},
    {"\xF0\x9F\x9A\xA3\xF0\x9F\x8F\xBB", "", 0, 4, ""},
    {"\xF0\x9F\x9A\xA3\xF0\x9F\x8F\xBC", "", 0, 8, ""},
    {"\xF0\x9F\x9A\xA3\xF0\x9F\x8F\xBD", "", 0, 12, ""},
    {"\xF0\x9F\x9A\xA3\xF0\x9F\x8F\xBE", "", 0, 16, ""},
    {"\xF0\x9F\x9A\xA3\xF0\x9F\x8F\xBF", "", 0, 20, ""},
    {"\xF0\x9F\x9A\xA3\xE2\x80\x8D\xE2\x99\x82\xEF\xB8\x8F", "man rowing boat", 0, 2, ""},
    {"\xF0\x9F\x9A\xA3\xF0\x9F\x8F\xBB\xE2\x80\x8D\xE2\x99\x82\xEF\xB8\x8F", "", 0, 4, ""},
    {"\xF0\x9F\x9A\xA3\xF0\x9F\x8F\xBC\xE2\x80\x8D\xE2\x99\x82\xEF\xB8\x8F", "", 0, 8, ""},
    {"\xF0\x9F\x9A\xA3\xF0\x9F\x8F\xBD\xE2\x80\x8D\xE2\x99\x82\xEF\xB8\x8F", "", 0, 12, ""},
    {"\xF0\x9F\x9A\xA3\xF0\x9F\x8F\xBE\xE2\x80\x8D\xE2\x99\x82\xEF\xB8\x8F", "", 0, 16, ""},
    {"\xF0\x9F\x9A\xA3\xF0\x9F\x8F\xBF\xE2\x80\x8D\xE2\x99\x82\xEF\xB8\x8F", "", 0, 20, ""},
    {"\xF0\x9F\x9A\xA3\xE2\x80\x8D\xE2\x99\x80\xEF\xB8\x8F", "woman rowing boat", 0, 2, ""},
    {"\xF0\x9F\x9A\xA3\xF0\x9F\x8F\xBB\xE2\x80\x8D\xE2\x99\x80\xEF\xB8\x8F", "", 0, 4, ""},
    {"\xF0\x9F\x9A\xA3\xF0\x9F\x8F\xBC\xE2\x80\x8D\xE2\x99\x80\xEF\xB8\x8F", "", 0, 8, ""},
    {"\xF0\x9F\x9A\xA3\xF0\x9F\x8F\xBD\xE2\x80\x8D\xE2\x99\x80\xEF\xB8\x8F", "", 0, 12, ""},
    {"\xF0\x9F\x9A\xA3\xF0\x9F\x8F\xBE\xE2\x80\x8D\xE2\x99\x80\xEF\xB8\x8F", "", 0, 16, ""},
    {"\xF0\x9F\x9A\xA3\xF0\x9F\x8F\xBF\xE2\x80\x8D\xE2\x99\x80\xEF\xB8\x8F", "", 0, 20, ""},
    {"\xF0\x9F\x8F\x8A", "person swimming", 0, 2, ""},
    {"\xF0\x9F\x8F\x8A\xF0\x9F\x8F\xBB", "", 0, 4, ""},
    {"\xF0\x9F\x8F\x8A\xF0\x9F\x8F\xBC", "", 0, 8, ""},
    {"\xF0\x9F\x8F\x8A\xF0\x9F\x8F\xBD", "", 0, 12, ""},
    {"\xF0\x9F\x8F\x8A\xF0\x9F\x8F\xBE", "", 0, 16, ""},
    {"\xF0\x9F\x8F\x8A\xF0\x9F\x8F\xBF", "", 0, 20, ""},
    {"\xF0\x9F\x8F\x8A\xE2\x80\x8D\xE2\x99\x82\xEF\xB8\x8F", "man swimming", 0, 2, ""},
    {"\xF0\x9F\x8F\x8A\xF0\x9F\x8F\xBB\xE2\x80\x8D\xE2\x99\x82\xEF\xB8\x8F", "", 0, 4, ""},
    {"\xF0\x9F\x8F\x8A\xF0\x9F\x8F\xBC\xE2\x80\x8D\xE2\x99\x82\xEF\xB8\x8F", "", 0, 8, ""},
    {"\xF0\x9F\x8F\x8A\xF0\x9F\x8F\xBD\xE2\x80\x8D\xE2\x99\x82\xEF\xB8\x8F", "", 0, 12, ""},
    {"\xF0\x9F\x8F\x8A\xF0\x9F\x8F\xBE\xE2\x80\x8D\xE2\x99\x82\xEF\xB8\x8F", "", 0, 16, ""},
    {"\xF0\x9F\x8F\x8A\xF0\x9F\x8F\xBF\xE2\x80\x8D\xE2\x99\x82\xEF\xB8\x8F", "", 0, 20, ""},
    {"\xF0\x9F\x8F\x8A\xE2\x80\x8D\xE2\x99\x80\xEF\xB8\x8F", "woman swimming", 0, 2, ""},
    {"\xF0\x9F\x8F\x8A\xF0\x9F\x8F\xBB\xE2\x80\x8D\xE2\x99\x80\xEF\xB8\x8F", "", 0, 4, ""},
    {"\xF0\x9F\x8F\x8A\xF0\x9F\x8F\xBC\xE2\x80\x8D\xE2\x99\x80\xEF\xB8\x8F", "", 0, 8, ""},
    {"\xF0\x9F\x8F\x8A\xF0\x9F\x8F\xBD\xE2\x80\x8D\xE2\x99\x80\xEF\xB8\x8F", "", 0, 12, ""},
    {"\xF0\x9F\x8F\x8A\xF0\x9F\x8F\xBE\xE2\x80\x8D\xE2\x99\x80\xEF\xB8\x8F", "", 0, 16, ""},
    {"\xF0\x9F\x8F\x8A\xF0\x9F\x8F\xBF\xE2\x80\x8D\xE2\x99\x80\xEF\xB8\x8F", "", 0, 20, ""},
    {"\xE2\x9B\xB9\xEF\xB8\x8F", "person bouncing ball", 0, 3, ""},
    {"\xE2\x9B\xB9\xF0\x9F\x8F\xBB", "", 0, 4, ""},
    {"\xE2\x9B\xB9\xF0\x9F\x8F\xBC", "", 0, 8, ""},
    {"\xE2\x9B\xB9\xF0\x9F\x8F\xBD", "", 0, 12, ""},
    {"\xE2\x9B\xB9\xF0\x9F\x8F\xBE", "", 0, 16, ""},
    {"\xE2\x9B\xB9\xF0\x9F\x8F\xBF", "", 0, 20, ""},
    {"\xE2\x9B\xB9\xEF\xB8\x8F\xE2\x80\x8D\xE2\x99\x82\xEF\xB8\x8F", "man bouncing ball", 0, 2, ""},
    {"\xE2\x9B\xB9\xF0\x9F\x8F\xBB\xE2\x80\x8D\xE2\x99\x82\xEF\xB8\x8F", "", 0, 4, ""},
    {"\xE2\x9B\xB9\xF0\x9F\x8F\xBC\xE2\x80\x8D\xE2\x99\x82\xEF\xB8\x8F", "", 0, 8, ""},
    {"\xE2\x9B\xB9\xF0\x9F\x8F\xBD\xE2\x80\x8D\xE2\x99\x82\xEF\xB8\x8F", "", 0, 12, ""},
    {"\xE2\x9B\xB9\xF0\x9F\x8F\xBE\xE2\x80\x8D\xE2\x99\x82\xEF\xB8\x8F", "", 0, 16, ""},
    {"\xE2\x9B\xB9\xF0\x9F\x8F\xBF\xE2\x80\x8D\xE2\x99\x82\xEF\xB8\x8F", "", 0, 20, ""},
    {"\xE2\x9B\xB9\xEF\xB8\x8F\xE2\x80\x8D\xE2\x99\x80\xEF\xB8\x8F", "woman bouncing ball", 0, 2, ""},
    {"\xE2\x9B\xB9\xF0\x9F\x8F\xBB\xE2\x80\x8D\xE2\x99\x80\xEF\xB8\x8F", "", 0, 4, ""},
    {"\xE2\x9B\xB9\xF0\x9F\x8F\xBC\xE2\x80\x8D\xE2\x99\x80\xEF\xB8\x8F", "", 0, 8, ""},
    {"\xE2\x9B\xB9\xF0\x9F\x8F\xBD\xE2\x80\x8D\xE2\x99\x80\xEF\xB8\x8F", "", 0, 12, ""},
    {"\xE2\x9B\xB9\xF0\x9F\x8F\xBE\xE2\x80\x8D\xE2\x99\x80\xEF\xB8\x8F", "", 0, 16, ""},
    {"\xE2\x9B\xB9\xF0\x9F\x8F\xBF\xE2\x80\x8D\xE2\x99\x80\xEF\xB8\x8F", "", 0, 20, ""},
    {"\xF0\x9F\x8F\x8B\xEF\xB8\x8F", "person lifting weights", 0, 3, ""},
    {"\xF0\x9F\x8F\x8B\xF0\x9F\x8F\xBB", "", 0, 4, ""},
    {"\xF0\x9F\x8F\x8B\xF0\x9F\x8F\xBC", "", 0, 8, ""},
    {"\xF0\x9F\x8F\x8B\xF0\x9F\x8F\xBD", "", 0, 12, ""},
    {"\xF0\x9F\x8F\x8B\xF0\x9F\x8F\xBE", "", 0, 16, ""},
    {"\xF0\x9F\x8F\x8B\xF0\x9F\x8F\xBF", "", 0, 20, ""},
    {"\xF0\x9F\x8F\x8B\xEF\xB8\x8F\xE2\x80\x8D\xE2\x99\x82\xEF\xB8\x8F", "man lifting weights", 0, 2, ""},
    {"\xF0\x9F\x8F\x8B\xF0\x9F\x8F\xBB\xE2\x80\x8D\xE2\x99\x82\xEF\xB8\x8F", "", 0, 4, ""},
    {"\xF0\x9F\x8F\x8B\xF0\x9F\x8F\xBC\xE2\x80\x8D\xE2\x99\x82\xEF\xB8\x8F", "", 0, 8, ""},
    {"\xF0\x9F\x8F\x8B\xF0\x9F\x8F\xBD\xE2\x80\x8D\xE2\x99\x82\xEF\xB8\x8F", "", 0, 12, ""},
    {"\xF0\x9F\x8F\x8B\xF0\x9F\x8F\xBE\xE2\x80\x8D\xE2\x99\x82\xEF\xB8\x8F", "", 0, 16, ""},
    {"\xF0\x9F\x8F\x8B\xF0\x9F\x8F\xBF\xE2\x80\x8D\xE2\x99\x82\xEF\xB8\x8F", "", 0, 20, ""},
    {"\xF0\x9F\x8F\x8B\xEF\xB8\x8F\xE2\x80\x8D\xE2\x99\x80\xEF\xB8\x8F", "woman lifting weights", 0, 2, ""},
    {"\xF0\x9F\x8F\x8B\xF0\x9F\x8F\xBB\xE2\x80\x8D\xE2\x99\x80\xEF\xB8\x8F", "", 0, 4, ""},
    {"\xF0\x9F\x8F\x8B\xF0\x9F\x8F\xBC\xE2\x80\x8D\xE2\x99\x80\xEF\xB8\x8F", "", 0, 8, ""},
    {"\xF0\x9F\x8F\x8B\xF0\x9F\x8F\xBD\xE2\x80\x8D\xE2\x99\x80\xEF\xB8\x8F", "", 0, 12, ""},
    {"\xF0\x9F\x8F\x8B\xF0\x9F\x8F\xBE\xE2\x80\x8D\xE2\x99\x80\xEF\xB8\x8F", "", 0, 16, ""},
    {"\xF0\x9F\x8F\x8B\xF0\x9F\x8F\xBF\xE2\x80\x8D\xE2\x99\x80\xEF\xB8\x8F", "", 0, 20, ""},
    {"\xF0\x9F\x9A\xB4", "person biking", 0, 2, ""},
    {"\xF0\x9F\x9A\xB4\xF0\x9F\x8F\xBB", "", 0, 4, ""},
    {"\xF0\x9F\x9A\xB4\xF0\x9F\x8F\xBC", "", 0, 8, ""},
    {"\xF0\x9F\x9A\xB4\xF0\x9F\x8F\xBD", "", 0, 12, ""},
    {"\xF0\x9F\x9A\xB4\xF0\x9F\x8F\xBE", "", 0, 16, ""},
    {"\xF0\x9F\x9A\xB4\xF0\x9F\x8F\xBF", "", 0, 20, ""},
    {"\xF0\x9F\x9A\xB4\xE2\x80\x8D\xE2\x99\x82\xEF\xB8\x8F", "man biking", 0, 2, ""},
    {"\xF0\x9F\x9A\xB4\xF0\x9F\x8F\xBB\xE2\x80\x8D\xE2\x99\x82\xEF\xB8\x8F", "", 0, 4, ""},
    {"\xF0\x9F\x9A\xB4\xF0\x9F\x8F\xBC\xE2\x80\x8D\xE2\x99\x82\xEF\xB8\x8F", "", 0, 8, ""},
    {"\xF0\x9F\x9A\xB4\xF0\x9F\x8F\xBD\xE2\x80\x8D\xE2\x99\x82\xEF\xB8\x8F", "", 0, 12, ""},
    {"\xF0\x9F\x9A\xB4\xF0\x9F\x8F\xBE\xE2\x80\x8D\xE2\x99\x82\xEF\xB8\x8F", "", 0, 16, ""},
    {"\xF0\x9F\x9A\xB4\xF0\x9F\x8F\xBF\xE2\x80\x8D\xE2\x99\x82\xEF\xB8\x8F", "", 0, 20, ""},
    {"\xF0\x9F\x9A\xB4\xE2\x80\x8D\xE2\x99\x80\xEF\xB8\x8F", "woman biking", 0, 2, ""},
    {"\xF0\x9F\x9A\xB4\xF0\x9F\x8F\xBB\xE2\x80\x8D\xE2\x99\x80\xEF\xB8\x8F", "", 0, 4, ""},
    {"\xF0\x9F\x9A\xB4\xF0\x9F\x8F\xBC\xE2\x80\x8D\xE2\x99\x80\xEF\xB8\x8F", "", 0, 8, ""},
    {"\xF0\x9F\x9A\xB4\xF0\x9F\x8F\xBD\xE2\x80\x8D\xE2\x99\x80\xEF\xB8\x8F", "", 0, 12, ""},
    {"\xF0\x9F\x9A\xB4\xF0\x9F\x8F\xBE\xE2\x80\x8D\xE2\x99\x80\xEF\xB8\x8F", "", 0, 16, ""},
    {"\xF0\x9F\x9A\xB4\xF0\x9F\x8F\xBF\xE2\x80\x8D\xE2\x99\x80\xEF\xB8\x8F", "", 0, 20, ""},
    {"\xF0\x9F\x9A\xB5", "person mountain biking", 0, 2, ""},
    {"\xF0\x9F\x9A\xB5\xF0\x9F\x8F\xBB", "", 0, 4, ""},
    {"\xF0\x9F\x9A\xB5\xF0\x9F\x8F\xBC", "", 0, 8, ""},
    {"\xF0\x9F\x9A\xB5\xF0\x9F\x8F\xBD", "", 0, 12, ""},
    {"\xF0\x9F\x9A\xB5\xF0\x9F\x8F\xBE", "", 0, 16, ""},
    {"\xF0\x9F\x9A\xB5\xF0\x9F\x8F\xBF", "", 0, 20, ""},
    {"\xF0\x9F\x9A\xB5\xE2\x80\x8D\xE2\x99\x82\xEF\xB8\x8F", "man mountain biking", 0, 2, ""},
    {"\xF0\x9F\x9A\xB5\xF0\x9F\x8F\xBB\xE2\x80\x8D\xE2\x99\x82\xEF\xB8\x8F", "", 0, 4, ""},
    {"\xF0\x9F\x9A\xB5\xF0\x9F\x8F\xBC\xE2\x80\x8D\xE2\x99\x82\xEF\xB8\x8F", "", 0, 8, ""},
    {"\xF0\x9F\x9A\xB5\xF0\x9F\x8F\xBD\xE2\x80\x8D\xE2\x99\x82\xEF\xB8\x8F", "", 0, 12, ""},
    {"\xF0\x9F\x9A\xB5\xF0\x9F\x8F\xBE\xE2\x80\x8D\xE2\x99\x82\xEF\xB8\x8F", "", 0, 16, ""},
    {"\xF0\x9F\x9A\xB5\xF0\x9F\x8F\xBF\xE2\x80\x8D\xE2\x99\x82\xEF\xB8\x8F", "", 0, 20, ""},
    {"\xF0\x9F\x9A\xB5\xE2\x80\x8D\xE2\x99\x80\xEF\xB8\x8F", "woman mountain biking", 0, 2, ""},
    {"\xF0\x9F\x9A\xB5\xF0\x9F\x8F\xBB\xE2\x80\x8D\xE2\x99\x80\xEF\xB8\x8F", "", 0, 4, ""},
    {"\xF0\x9F\x9A\xB5\xF0\x9F\x8F\xBC\xE2\x80\x8D\xE2\x99\x80\xEF\xB8\x8F", "", 0, 8, ""},
    {"\xF0\x9F\x9A\xB5\xF0\x9F\x8F\xBD\xE2\x80\x8D\xE2\x99\x80\xEF\xB8\x8F", "", 0, 12, ""},
    {"\xF0\x9F\x9A\xB5\xF0\x9F\x8F\xBE\xE2\x80\x8D\xE2\x99\x80\xEF\xB8\x8F", "", 0, 16, ""},
    {"\xF0\x9F\x9A\xB5\xF0\x9F\x8F\xBF\xE2\x80\x8D\xE2\x99\x80\xEF\xB8\x8F", "", 0, 20, ""},
    {"\xF0\x9F\xA4\xB8", "person cartwheeling", 0, 2, ""},
    {"\xF0\x9F\xA4\xB8\xF0\x9F\x8F\xBB", "", 0, 4, ""},
    {"\xF0\x9F\xA4\xB8\xF0\x9F\x8F\xBC", "", 0, 8, ""},
    {"\xF0\x9F\xA4\xB8\xF0\x9F\x8F\xBD", "", 0, 12, ""},
    {"\xF0\x9F\xA4\xB8\xF0\x9F\x8F\xBE", "", 0, 16, ""},
    {"\xF0\x9F\xA4\xB8\xF0\x9F\x8F\xBF", "", 0, 20, ""},
    {"\xF0\x9F\xA4\xB8\xE2\x80\x8D\xE2\x99\x82\xEF\xB8\x8F", "man cartwheeling", 0, 2, ""},
    {"\xF0\x9F\xA4\xB8\xF0\x9F\x8F\xBB\xE2\x80\x8D\xE2\x99\x82\xEF\xB8\x8F", "", 0, 4, ""},
    {"\xF0\x9F\xA4\xB8\xF0\x9F\x8F\xBC\xE2\x80\x8D\xE2\x99\x82\xEF\xB8\x8F", "", 0, 8, ""},
    {"\xF0\x9F\xA4\xB8\xF0\x9F\x8F\xBD\xE2\x80\x8D\xE2\x99\x82\xEF\xB8\x8F", "", 0, 12, ""},
    {"\xF0\x9F\xA4\xB8\xF0\x9F\x8F\xBE\xE2\x80\x8D\xE2\x99\x82\xEF\xB8\x8F", "", 0, 16, ""},
    {"\xF0\x9F\xA4\xB8\xF0\x9F\x8F\xBF\xE2\x80\x8D\xE2\x99\x82\xEF\xB8\x8F", "", 0, 20, ""},
    {"\xF0\x9F\xA4\xB8\xE2\x80\x8D\xE2\x99\x80\xEF\xB8\x8F", "woman cartwheeling", 0, 2, ""},
    {"\xF0\x9F\xA4\xB8\xF0\x9F\x8F\xBB\xE2\x80\x8D\xE2\x99\x80\xEF\xB8\x8F", "", 0, 4, ""},
    {"\xF0\x9F\xA4\xB8\xF0\x9F\x8F\xBC\xE2\x80\x8D\xE2\x99\x80\xEF\xB8\x8F", "", 0, 8, ""},
    {"\xF0\x9F\xA4\xB8\xF0\x9F\x8F\xBD\xE2\x80\x8D\xE2\x99\x80\xEF\xB8\x8F", "", 0, 12, ""},
    {"\xF0\x9F\xA4\xB8\xF0\x9F\x8F\xBE\xE2\x80\x8D\xE2\x99\x80\xEF\xB8\x8F", "", 0, 16, ""},
    {"\xF0\x9F\xA4\xB8\xF0\x9F\x8F\xBF\xE2\x80\x8D\xE2\x99\x80\xEF\xB8\x8F", "", 0, 20, ""},
    {"\xF0\x9F\xA4\xBC", "people wrestling", 0, 0, ""},
    {"\xF0\x9F\xA4\xBC\xE2\x80\x8D\xE2\x99\x82\xEF\xB8\x8F", "men wrestling", 0, 0, ""},
    {"\xF0\x9F\xA4\xBC\xE2\x80\x8D\xE2\x99\x80\xEF\xB8\x8F", "women wrestling", 0, 0, ""},
    {"\xF0\x9F\xA4\xBD", "person playing water polo", 0, 2, ""},
    {"\xF0\x9F\xA4\xBD\xF0\x9F\x8F\xBB", "", 0, 4, ""},
    {"\xF0\x9F\xA4\xBD\xF0\x9F\x8F\xBC", "", 0, 8, ""},
    {"\xF0\x9F\xA4\xBD\xF0\x9F\x8F\xBD", "", 0, 12, ""},
    {"\xF0\x9F\xA4\xBD\xF0\x9F\x8F\xBE", "", 0, 16, ""},
    {"\xF0\x9F\xA4\xBD\xF0\x9F\x8F\xBF", "", 0, 20, ""},
    {"\xF0\x9F\xA4\xBD\xE2\x80\x8D\xE2\x99\x82\xEF\xB8\x8F", "man playing water polo", 0, 2, ""},
    {"\xF0\x9F\xA4\xBD\xF0\x9F\x8F\xBB\xE2\x80\x8D\xE2\x99\x82\xEF\xB8\x8F", "", 0, 4, ""},
    {"\xF0\x9F\xA4\xBD\xF0\x9F\x8F\xBC\xE2\x80\x8D\xE2\x99\x82\xEF\xB8\x8F", "", 0, 8, ""},
    {"\xF0\x9F\xA4\xBD\xF0\x9F\x8F\xBD\xE2\x80\x8D\xE2\x99\x82\xEF\xB8\x8F", "", 0, 12, ""},
    {"\xF0\x9F\xA4\xBD\xF0\x9F\x8F\xBE\xE2\x80\x8D\xE2\x99\x82\xEF\xB8\x8F", "", 0, 16, ""},
    {"\xF0\x9F\xA4\xBD\xF0\x9F\x8F\xBF\xE2\x80\x8D\xE2\x99\x82\xEF\xB8\x8F", "", 0, 20, ""},
    {"\xF0\x9F\xA4\xBD\xE2\x80\x8D\xE2\x99\x80\xEF\xB8\x8F", "woman playing water polo", 0, 2, ""},
    {"\xF0\x9F\xA4\xBD\xF0\x9F\x8F\xBB\xE2\x80\x8D\xE2\x99\x80\xEF\xB8\x8F", "", 0, 4, ""},
    {"\xF0\x9F\xA4\xBD\xF0\x9F\x8F\xBC\xE2\x80\x8D\xE2\x99\x80\xEF\xB8\x8F", "", 0, 8, ""},
    {"\xF0\x9F\xA4\xBD\xF0\x9F\x8F\xBD\xE2\x80\x8D\xE2\x99\x80\xEF\xB8\x8F", "", 0, 12, ""},
    {"\xF0\x9F\xA4\xBD\xF0\x9F\x8F\xBE\xE2\x80\x8D\xE2\x99\x80\xEF\xB8\x8F", "", 0, 16, ""},
    {"\xF0\x9F\xA4\xBD\xF0\x9F\x8F\xBF\xE2\x80\x8D\xE2\x99\x80\xEF\xB8\x8F", "", 0, 20, ""},
    {"\xF0\x9F\xA4\xBE", "person playing handball", 0, 2, ""},
    {"\xF0\x9F\xA4\xBE\xF0\x9F\x8F\xBB", "", 0, 4, ""},
    {"\xF0\x9F\xA4\xBE\xF0\x9F\x8F\xBC", "", 0, 8, ""},
    {"\xF0\x9F\xA4\xBE\xF0\x9F\x8F\xBD", "", 0, 12, ""},
    {"\xF0\x9F\xA4\xBE\xF0\x9F\x8F\xBE", "", 0, 16, ""},
    {"\xF0\x9F\xA4\xBE\xF0\x9F\x8F\xBF", "", 0, 20, ""},
    {"\xF0\x9F\xA4\xBE\xE2\x80\x8D\xE2\x99\x82\xEF\xB8\x8F", "man playing handball", 0, 2, ""},
    {"\xF0\x9F\xA4\xBE\xF0\x9F\x8F\xBB\xE2\x80\x8D\xE2\x99\x82\xEF\xB8\x8F", "", 0, 4, ""},
    {"\xF0\x9F\xA4\xBE\xF0\x9F\x8F\xBC\xE2\x80\x8D\xE2\x99\x82\xEF\xB8\x8F", "", 0, 8, ""},
    {"\xF0\x9F\xA4\xBE\xF0\x9F\x8F\xBD\xE2\x80\x8D\xE2\x99\x82\xEF\xB8\x8F", "", 0, 12, ""},
    {"\xF0\x9F\xA4\xBE\xF0\x9F\x8F\xBE\xE2\x80\x8D\xE2\x99\x82\xEF\xB8\x8F", "", 0, 16, ""},
    {"\xF0\x9F\xA4\xBE\xF0\x9F\x8F\xBF\xE2\x80\x8D\xE2\x99\x82\xEF\xB8\x8F", "", 0, 20, ""},
    {"\xF0\x9F\xA4\xBE\xE2\x80\x8D\xE2\x99\x80\xEF\xB8\x8F", "woman playing handball", 0, 2, ""},
    {"\xF0\x9F\xA4\xBE\xF0\x9F\x8F\xBB\xE2\x80\x8D\xE2\x99\x80\xEF\xB8\x8F", "", 0, 4, ""},
    {"\xF0\x9F\xA4\xBE\xF0\x9F\x8F\xBC\xE2\x80\x8D\xE2\x99\x80\xEF\xB8\x8F", "", 0, 8, ""},
    {"\xF0\x9F\xA4\xBE\xF0\x9F\x8F\xBD\xE2\x80\x8D\xE2\x99\x80\xEF\xB8\x8F", "", 0, 12, ""},
    {"\xF0\x9F\xA4\xBE\xF0\x9F\x8F\xBE\xE2\x80\x8D\xE2\x99\x80\xEF\xB8\x8F", "", 0, 16, ""},
    {"\xF0\x9F\xA4\xBE\xF0\x9F\x8F\xBF\xE2\x80\x8D\xE2\x99\x80\xEF\xB8\x8F", "", 0, 20, ""},
    {"\xF0\x9F\xA4\xB9", "person juggling", 0, 2, ""},
    {"\xF0\x9F\xA4\xB9\xF0\x9F\x8F\xBB", "", 0, 4, ""},
    {"\xF0\x9F\xA4\xB9\xF0\x9F\x8F\xBC", "", 0, 8, ""},
    {"\xF0\x9F\xA4\xB9\xF0\x9F\x8F\xBD", "", 0, 12, ""},
    {"\xF0\x9F\xA4\xB9\xF0\x9F\x8F\xBE", "", 0, 16, ""},
    {"\xF0\x9F\xA4\xB9\xF0\x9F\x8F\xBF", "", 0, 20, ""},
    {"\xF0\x9F\xA4\xB9\xE2\x80\x8D\xE2\x99\x82\xEF\xB8\x8F", "man juggling", 0, 2, ""},
    {"\xF0\x9F\xA4\xB9\xF0\x9F\x8F\xBB\xE2\x80\x8D\xE2\x99\x82\xEF\xB8\x8F", "", 0, 4, ""},
    {"\xF0\x9F\xA4\xB9\xF0\x9F\x8F\xBC\xE2\x80\x8D\xE2\x99\x82\xEF\xB8\x8F", "", 0, 8, ""},
    {"\xF0\x9F\xA4\xB9\xF0\x9F\x8F\xBD\xE2\x80\x8D\xE2\x99\x82\xEF\xB8\x8F", "", 0, 12, ""},
    {"\xF0\x9F\xA4\xB9\xF0\x9F\x8F\xBE\xE2\x80\x8D\xE2\x99\x82\xEF\xB8\x8F", "", 0, 16, ""},
    {"\xF0\x9F\xA4\xB9\xF0\x9F\x8F\xBF\xE2\x80\x8D\xE2\x99\x82\xEF\xB8\x8F", "", 0, 20, ""},
    {"\xF0\x9F\xA4\xB9\xE2\x80\x8D\xE2\x99\x80\xEF\xB8\x8F", "woman juggling", 0, 2, ""},
    {"\xF0\x9F\xA4\xB9\xF0\x9F\x8F\xBB\xE2\x80\x8D\xE2\x99\x80\xEF\xB8\x8F", "", 0, 4, ""},
    {"\xF0\x9F\xA4\xB9\xF0\x9F\x8F\xBC\xE2\x80\x8D\xE2\x99\x80\xEF\xB8\x8F", "", 0, 8, ""},
    {"\xF0\x9F\xA4\xB9\xF0\x9F\x8F\xBD\xE2\x80\x8D\xE2\x99\x80\xEF\xB8\x8F", "", 0, 12, ""},
    {"\xF0\x9F\xA4\xB9\xF0\x9F\x8F\xBE\xE2\x80\x8D\xE2\x99\x80\xEF\xB8\x8F", "", 0, 16, ""},
    {"\xF0\x9F\xA4\xB9\xF0\x9F\x8F\xBF\xE2\x80\x8D\xE2\x99\x80\xEF\xB8\x8F", "", 0, 20, ""},
    {"\xF0\x9F\xA7\x98", "person in lotus position", 0, 2, ""},
    {"\xF0\x9F\xA7\x98\xF0\x9F\x8F\xBB", "", 0, 4, ""},
    {"\xF0\x9F\xA7\x98\xF0\x9F\x8F\xBC", "", 0, 8, ""},
    {"\xF0\x9F\xA7\x98\xF0\x9F\x8F\xBD", "", 0, 12, ""},
    {"\xF0\x9F\xA7\x98\xF0\x9F\x8F\xBE", "", 0, 16, ""},
    {"\xF0\x9F\xA7\x98\xF0\x9F\x8F\xBF", "", 0, 20, ""},
    {"\xF0\x9F\xA7\x98\xE2\x80\x8D\xE2\x99\x82\xEF\xB8\x8F", "man in lotus position", 0, 2, ""},
    {"\xF0\x9F\xA7\x98\xF0\x9F\x8F\xBB\xE2\x80\x8D\xE2\x99\x82\xEF\xB8\x8F", "", 0, 4, ""},
    {"\xF0\x9F\xA7\x98\xF0\x9F\x8F\xBC\xE2\x80\x8D\xE2\x99\x82\xEF\xB8\x8F", "", 0, 8, ""},
    {"\xF0\x9F\xA7\x98\xF0\x9F\x8F\xBD\xE2\x80\x8D\xE2\x99\x82\xEF\xB8\x8F", "", 0, 12, ""},
    {"\xF0\x9F\xA7\x98\xF0\x9F\x8F\xBE\xE2\x80\x8D\xE2\x99\x82\xEF\xB8\x8F", "", 0, 16, ""},
    {"\xF0\x9F\xA7\x98\xF0\x9F\x8F\xBF\xE2\x80\x8D\xE2\x99\x82\xEF\xB8\x8F", "", 0, 20, ""},
    {"\xF0\x9F\xA7\x98\xE2\x80\x8D\xE2\x99\x80\xEF\xB8\x8F", "woman in lotus position", 0, 2, ""},
    {"\xF0\x9F\xA7\x98\xF0\x9F\x8F\xBB\xE2\x80\x8D\xE2\x99\x80\xEF\xB8\x8F", "", 0, 4, ""},
    {"\xF0\x9F\xA7\x98\xF0\x9F\x8F\xBC\xE2\x80\x8D\xE2\x99\x80\xEF\xB8\x8F", "", 0, 8, ""},
    {"\xF0\x9F\xA7\x98\xF0\x9F\x8F\xBD\xE2\x80\x8D\xE2\x99\x80\xEF\xB8\x8F", "", 0, 12, ""},
    {"\xF0\x9F\xA7\x98\xF0\x9F\x8F\xBE\xE2\x80\x8D\xE2\x99\x80\xEF\xB8\x8F", "", 0, 16, ""},
    {"\xF0\x9F\xA7\x98\xF0\x9F\x8F\xBF\xE2\x80\x8D\xE2\x99\x80\xEF\xB8\x8F", "", 0, 20, ""},
    {"\xF0\x9F\x9B\x80", "person taking bath", 0, 2, ""},
    {"\xF0\x9F\x9B\x80\xF0\x9F\x8F\xBB", "", 0, 4, ""},
    {"\xF0\x9F\x9B\x80\xF0\x9F\x8F\xBC", "", 0, 8, ""},
    {"\xF0\x9F\x9B\x80\xF0\x9F\x8F\xBD", "", 0, 12, ""},
    {"\xF0\x9F\x9B\x80\xF0\x9F\x8F\xBE", "", 0, 16, ""},
    {"\xF0\x9F\x9B\x80\xF0\x9F\x8F\xBF", "", 0, 20, ""},
    {"\xF0\x9F\x9B\x8C", "person in bed", 0, 2, ""},
    {"\xF0\x9F\x9B\x8C\xF0\x9F\x8F\xBB", "", 0, 4, ""},
    {"\xF0\x9F\x9B\x8C\xF0\x9F\x8F\xBC", "", 0, 8, ""},
    {"\xF0\x9F\x9B\x8C\xF0\x9F\x8F\xBD", "", 0, 12, ""},
    {"\xF0\x9F\x9B\x8C\xF0\x9F\x8F\xBE", "", 0, 16, ""},
    {"\xF0\x9F\x9B\x8C\xF0\x9F\x8F\xBF", "", 0, 20, ""},
    {"\xF0\x9F\xA7\x91\xE2\x80\x8D\xF0\x9F\xA4\x9D\xE2\x80\x8D\xF0\x9F\xA7\x91", "people holding hands", 0, 2, ""},
    {"\xF0\x9F\xA7\x91\xF0\x9F\x8F\xBB\xE2\x80\x8D\xF0\x9F\xA4\x9D\xE2\x80\x8D\xF0\x9F\xA7\x91\xF0\x9F\x8F\xBB", "", 0, 4, ""},
    {"\xF0\x9F\xA7\x91\xF0\x9F\x8F\xBC\xE2\x80\x8D\xF0\x9F\xA4\x9D\xE2\x80\x8D\xF0\x9F\xA7\x91\xF0\x9F\x8F\xBC", "", 0, 8, ""},
    {"\xF0\x9F\xA7\x91\xF0\x9F\x8F\xBD\xE2\x80\x8D\xF0\x9F\xA4\x9D\xE2\x80\x8D\xF0\x9F\xA7\x91\xF0\x9F\x8F\xBD", "", 0, 12, ""},
    {"\xF0\x9F\xA7\x91\xF0\x9F\x8F\xBE\xE2\x80\x8D\xF0\x9F\xA4\x9D\xE2\x80\x8D\xF0\x9F\xA7\x91\xF0\x9F\x8F\xBE", "", 0, 16, ""},
    {"\xF0\x9F\xA7\x91\xF0\x9F\x8F\xBF\xE2\x80\x8D\xF0\x9F\xA4\x9D\xE2\x80\x8D\xF0\x9F\xA7\x91\xF0\x9F\x8F\xBF", "", 0, 20, ""},
    {"\xF0\x9F\x91\xAD", "women holding hands", 0, 2, ""},
    {"\xF0\x9F\x91\xAD\xF0\x9F\x8F\xBB", "", 0, 4, ""},
    {"\xF0\x9F\x91\xAD\xF0\x9F\x8F\xBC", "", 0, 8, ""},
    {"\xF0\x9F\x91\xAD\xF0\x9F\x8F\xBD", "", 0, 12, ""},
    {"\xF0\x9F\x91\xAD\xF0\x9F\x8F\xBE", "", 0, 16, ""},
    {"\xF0\x9F\x91\xAD\xF0\x9F\x8F\xBF", "", 0, 20, ""},
    {"\xF0\x9F\x91\xAB", "woman and man holding hands", 0, 2, ""},
    {"\xF0\x9F\x91\xAB\xF0\x9F\x8F\xBB", "", 0, 4, ""},
    {"\xF0\x9F\x91\xAB\xF0\x9F\x8F\xBC", "", 0, 8, ""},
    {"\xF0\x9F\x91\xAB\xF0\x9F\x8F\xBD", "", 0, 12, ""},
    {"\xF0\x9F\x91\xAB\xF0\x9F\x8F\xBE", "", 0, 16, ""},
    {"\xF0\x9F\x91\xAB\xF0\x9F\x8F\xBF", "", 0, 20, ""},
    {"\xF0\x9F\x91\xAC", "men holding hands", 0, 2, ""},
    {"\xF0\x9F\x91\xAC\xF0\x9F\x8F\xBB", "", 0, 4, ""},
    {"\xF0\x9F\x91\xAC\xF0\x9F\x8F\xBC", "", 0, 8, ""},
    {"\xF0\x9F\x91\xAC\xF0\x9F\x8F\xBD", "", 0, 12, ""},
    {"\xF0\x9F\x91\xAC\xF0\x9F\x8F\xBE", "", 0, 16, ""},
    {"\xF0\x9F\x91\xAC\xF0\x9F\x8F\xBF", "", 0, 20, ""},
    {"\xF0\x9F\x92\x8F", "kiss", 0, 2, ""},
    {"\xF0\x9F\x92\x8F\xF0\x9F\x8F\xBB", "", 0, 4, ""},
    {"\xF0\x9F\x92\x8F\xF0\x9F\x8F\xBC", "", 0, 8, ""},
    {"\xF0\x9F\x92\x8F\xF0\x9F\x8F\xBD", "", 0, 12, ""},
    {"\xF0\x9F\x92\x8F\xF0\x9F\x8F\xBE", "", 0, 16, ""},
    {"\xF0\x9F\x92\x8F\xF0\x9F\x8F\xBF", "", 0, 20, ""},
    {"\xF0\x9F\x91\xA9\xE2\x80\x8D\xE2\x9D\xA4\xEF\xB8\x8F\xE2\x80\x8D\xF0\x9F\x92\x8B\xE2\x80\x8D\xF0\x9F\x91\xA8", "kiss: woman, man", 0, 2, ""},
    {"\xF0\x9F\x91\xA9\xF0\x9F\x8F\xBB\xE2\x80\x8D\xE2\x9D\xA4\xEF\xB8\x8F\xE2\x80\x8D\xF0\x9F\x92\x8B\xE2\x80\x8D\xF0\x9F\x91\xA8\xF0\x9F\x8F\xBB", "", 0, 4, ""},
    {"\xF0\x9F\x91\xA9\xF0\x9F\x8F\xBC\xE2\x80\x8D\xE2\x9D\xA4\xEF\xB8\x8F\xE2\x80\x8D\xF0\x9F\x92\x8B\xE2\x80\x8D\xF0\x9F\x91\xA8\xF0\x9F\x8F\xBC", "", 0, 8, ""},
    {"\xF0\x9F\x91\xA9\xF0\x9F\x8F\xBD\xE2\x80\x8D\xE2\x9D\xA4\xEF\xB8\x8F\xE2\x80\x8D\xF0\x9F\x92\x8B\xE2\x80\x8D\xF0\x9F\x91\xA8\xF0\x9F\x8F\xBD", "", 0, 12, ""},
    {"\xF0\x9F\x91\xA9\xF0\x9F\x8F\xBE\xE2\x80\x8D\xE2\x9D\xA4\xEF\xB8\x8F\xE2\x80\x8D\xF0\x9F\x92\x8B\xE2\x80\x8D\xF0\x9F\x91\xA8\xF0\x9F\x8F\xBE", "", 0, 16, ""},
    {"\xF0\x9F\x91\xA9\xF0\x9F\x8F\xBF\xE2\x80\x8D\xE2\x9D\xA4\xEF\xB8\x8F\xE2\x80\x8D\xF0\x9F\x92\x8B\xE2\x80\x8D\xF0\x9F\x91\xA8\xF0\x9F\x8F\xBF", "", 0, 20, ""},
    {"\xF0\x9F\x91\xA8\xE2\x80\x8D\xE2\x9D\xA4\xEF\xB8\x8F\xE2\x80\x8D\xF0\x9F\x92\x8B\xE2\x80\x8D\xF0\x9F\x91\xA8", "kiss: man, man", 0, 2, ""},
    {"\xF0\x9F\x91\xA8\xF0\x9F\x8F\xBB\xE2\x80\x8D\xE2\x9D\xA4\xEF\xB8\x8F\xE2\x80\x8D\xF0\x9F\x92\x8B\xE2\x80\x8D\xF0\x9F\x91\xA8\xF0\x9F\x8F\xBB", "", 0, 4, ""},
    {"\xF0\x9F\x91\xA8\xF0\x9F\x8F\xBC\xE2\x80\x8D\xE2\x9D\xA4\xEF\xB8\x8F\xE2\x80\x8D\xF0\x9F\x92\x8B\xE2\x80\x8D\xF0\x9F\x91\xA8\xF0\x9F\x8F\xBC", "", 0, 8, ""},
    {"\xF0\x9F\x91\xA8\xF0\x9F\x8F\xBD\xE2\x80\x8D\xE2\x9D\xA4\xEF\xB8\x8F\xE2\x80\x8D\xF0\x9F\x92\x8B\xE2\x80\x8D\xF0\x9F\x91\xA8\xF0\x9F\x8F\xBD", "", 0, 12, ""},
    {"\xF0\x9F\x91\xA8\xF0\x9F\x8F\xBE\xE2\x80\x8D\xE2\x9D\xA4\xEF\xB8\x8F\xE2\x80\x8D\xF0\x9F\x92\x8B\xE2\x80\x8D\xF0\x9F\x91\xA8\xF0\x9F\x8F\xBE", "", 0, 16, ""},
    {"\xF0\x9F\x91\xA8\xF0\x9F\x8F\xBF\xE2\x80\x8D\xE2\x9D\xA4\xEF\xB8\x8F\xE2\x80\x8D\xF0\x9F\x92\x8B\xE2\x80\x8D\xF0\x9F\x91\xA8\xF0\x9F\x8F\xBF", "", 0, 20, ""},
    {"\xF0\x9F\x91\xA9\xE2\x80\x8D\xE2\x9D\xA4\xEF\xB8\x8F\xE2\x80\x8D\xF0\x9F\x92\x8B\xE2\x80\x8D\xF0\x9F\x91\xA9", "kiss: woman, woman", 0, 2, ""},
    {"\xF0\x9F\x91\xA9\xF0\x9F\x8F\xBB\xE2\x80\x8D\xE2\x9D\xA4\xEF\xB8\x8F\xE2\x80\x8D\xF0\x9F\x92\x8B\xE2\x80\x8D\xF0\x9F\x91\xA9\xF0\x9F\x8F\xBB", "", 0, 4, ""},
    {"\xF0\x9F\x91\xA9\xF0\x9F\x8F\xBC\xE2\x80\x8D\xE2\x9D\xA4\xEF\xB8\x8F\xE2\x80\x8D\xF0\x9F\x92\x8B\xE2\x80\x8D\xF0\x9F\x91\xA9\xF0\x9F\x8F\xBC", "", 0, 8, ""},
    {"\xF0\x9F\x91\xA9\xF0\x9F\x8F\xBD\xE2\x80\x8D\xE2\x9D\xA4\xEF\xB8\x8F\xE2\x80\x8D\xF0\x9F\x92\x8B\xE2\x80\x8D\xF0\x9F\x91\xA9\xF0\x9F\x8F\xBD", "", 0, 12, ""},
    {"\xF0\x9F\x91\xA9\xF0\x9F\x8F\xBE\xE2\x80\x8D\xE2\x9D\xA4\xEF\xB8\x8F\xE2\x80\x8D\xF0\x9F\x92\x8B\xE2\x80\x8D\xF0\x9F\x91\xA9\xF0\x9F\x8F\xBE", "", 0, 16, ""},
    {"\xF0\x9F\x91\xA9\xF0\x9F\x8F\xBF\xE2\x80\x8D\xE2\x9D\xA4\xEF\xB8\x8F\xE2\x80\x8D\xF0\x9F\x92\x8B\xE2\x80\x8D\xF0\x9F\x91\xA9\xF0\x9F\x8F\xBF", "", 0, 20, ""},
    {"\xF0\x9F\x92\x91", "couple with heart", 0, 2, ""},
    {"\xF0\x9F\x92\x91\xF0\x9F\x8F\xBB", "", 0, 4, ""},
    {"\xF0\x9F\x92\x91\xF0\x9F\x8F\xBC", "", 0, 8, ""},
    {"\xF0\x9F\x92\x91\xF0\x9F\x8F\xBD", "", 0, 12, ""},
    {"\xF0\x9F\x92\x91\xF0\x9F\x8F\xBE", "", 0, 16, ""},
    {"\xF0\x9F\x92\x91\xF0\x9F\x8F\xBF", "", 0, 20, ""},
    {"\xF0\x9F\x91\xA9\xE2\x80\x8D\xE2\x9D\xA4\xEF\xB8\x8F\xE2\x80\x8D\xF0\x9F\x91\xA8", "couple with heart: woman, man", 0, 2, ""},
    {"\xF0\x9F\x91\xA9\xF0\x9F\x8F\xBB\xE2\x80\x8D\xE2\x9D\xA4\xEF\xB8\x8F\xE2\x80\x8D\xF0\x9F\x91\xA8\xF0\x9F\x8F\xBB", "", 0, 4, ""},
    {"\xF0\x9F\x91\xA9\xF0\x9F\x8F\xBC\xE2\x80\x8D\xE2\x9D\xA4\xEF\xB8\x8F\xE2\x80\x8D\xF0\x9F\x91\xA8\xF0\x9F\x8F\xBC", "", 0, 8, ""},
    {"\xF0\x9F\x91\xA9\xF0\x9F\x8F\xBD\xE2\x80\x8D\xE2\x9D\xA4\xEF\xB8\x8F\xE2\x80\x8D\xF0\x9F\x91\xA8\xF0\x9F\x8F\xBD", "", 0, 12, ""},
    {"\xF0\x9F\x91\xA9\xF0\x9F\x8F\xBE\xE2\x80\x8D\xE2\x9D\xA4\xEF\xB8\x8F\xE2\x80\x8D\xF0\x9F\x91\xA8\xF0\x9F\x8F\xBE", "", 0, 16, ""},
    {"\xF0\x9F\x91\xA9\xF0\x9F\x8F\xBF\xE2\x80\x8D\xE2\x9D\xA4\xEF\xB8\x8F\xE2\x80\x8D\xF0\x9F\x91\xA8\xF0\x9F\x8F\xBF", "", 0, 20, ""},
    {"\xF0\x9F\x91\xA8\xE2\x80\x8D\xE2\x9D\xA4\xEF\xB8\x8F\xE2\x80\x8D\xF0\x9F\x91\xA8", "couple with heart: man, man", 0, 2, ""},
    {"\xF0\x9F\x91\xA8\xF0\x9F\x8F\xBB\xE2\x80\x8D\xE2\x9D\xA4\xEF\xB8\x8F\xE2\x80\x8D\xF0\x9F\x91\xA8\xF0\x9F\x8F\xBB", "", 0, 4, ""},
    {"\xF0\x9F\x91\xA8\xF0\x9F\x8F\xBC\xE2\x80\x8D\xE2\x9D\xA4\xEF\xB8\x8F\xE2\x80\x8D\xF0\x9F\x91\xA8\xF0\x9F\x8F\xBC", "", 0, 8, ""},
    {"\xF0\x9F\x91\xA8\xF0\x9F\x8F\xBD\xE2\x80\x8D\xE2\x9D\xA4\xEF\xB8\x8F\xE2\x80\x8D\xF0\x9F\x91\xA8\xF0\x9F\x8F\xBD", "", 0, 12, ""},
    {"\xF0\x9F\x91\xA8\xF0\x9F\x8F\xBE\xE2\x80\x8D\xE2\x9D\xA4\xEF\xB8\x8F\xE2\x80\x8D\xF0\x9F\x91\xA8\xF0\x9F\x8F\xBE", "", 0, 16, ""},
    {"\xF0\x9F\x91\xA8\xF0\x9F\x8F\xBF\xE2\x80\x8D\xE2\x9D\xA4\xEF\xB8\x8F\xE2\x80\x8D\xF0\x9F\x91\xA8\xF0\x9F\x8F\xBF", "", 0, 20, ""},
    {"\xF0\x9F\x91\xA9\xE2\x80\x8D\xE2\x9D\xA4\xEF\xB8\x8F\xE2\x80\x8D\xF0\x9F\x91\xA9", "couple with heart: woman, woman", 0, 2, ""},
    {"\xF0\x9F\x91\xA9\xF0\x9F\x8F\xBB\xE2\x80\x8D\xE2\x9D\xA4\xEF\xB8\x8F\xE2\x80\x8D\xF0\x9F\x91\xA9\xF0\x9F\x8F\xBB", "", 0, 4, ""},
    {"\xF0\x9F\x91\xA9\xF0\x9F\x8F\xBC\xE2\x80\x8D\xE2\x9D\xA4\xEF\xB8\x8F\xE2\x80\x8D\xF0\x9F\x91\xA9\xF0\x9F\x8F\xBC", "", 0, 8, ""},
    {"\xF0\x9F\x91\xA9\xF0\x9F\x8F\xBD\xE2\x80\x8D\xE2\x9D\xA4\xEF\xB8\x8F\xE2\x80\x8D\xF0\x9F\x91\xA9\xF0\x9F\x8F\xBD", "", 0, 12, ""},
    {"\xF0\x9F\x91\xA9\xF0\x9F\x8F\xBE\xE2\x80\x8D\xE2\x9D\xA4\xEF\xB8\x8F\xE2\x80\x8D\xF0\x9F\x91\xA9\xF0\x9F\x8F\xBE", "", 0, 16, ""},
    {"\xF0\x9F\x91\xA9\xF0\x9F\x8F\xBF\xE2\x80\x8D\xE2\x9D\xA4\xEF\xB8\x8F\xE2\x80\x8D\xF0\x9F\x91\xA9\xF0\x9F\x8F\xBF", "", 0, 20, ""},
    {"\xF0\x9F\x91\xAA", "family", 0, 0, ""},
    {"\xF0\x9F\x91\xA8\xE2\x80\x8D\xF0\x9F\x91\xA9\xE2\x80\x8D\xF0\x9F\x91\xA6", "family: man, woman, boy", 0, 0, ""},
    {"\xF0\x9F\x91\xA8\xE2\x80\x8D\xF0\x9F\x91\xA9\xE2\x80\x8D\xF0\x9F\x91\xA7", "family: man, woman, girl", 0, 0, ""},
    {"\xF0\x9F\x91\xA8\xE2\x80\x8D\xF0\x9F\x91\xA9\xE2\x80\x8D\xF0\x9F\x91\xA7\xE2\x80\x8D\xF0\x9F\x91\xA6", "family: man, woman, girl, boy", 0, 0, ""},
    {"\xF0\x9F\x91\xA8\xE2\x80\x8D\xF0\x9F\x91\xA9\xE2\x80\x8D\xF0\x9F\x91\xA6\xE2\x80\x8D\xF0\x9F\x91\xA6", "family: man, woman, boy, boy", 0, 0, ""},
    {"\xF0\x9F\x91\xA8\xE2\x80\x8D\xF0\x9F\x91\xA9\xE2\x80\x8D\xF0\x9F\x91\xA7\xE2\x80\x8D\xF0\x9F\x91\xA7", "family: man, woman, girl, girl", 0, 0, ""},
    {"\xF0\x9F\x91\xA8\xE2\x80\x8D\xF0\x9F\x91\xA8\xE2\x80\x8D\xF0\x9F\x91\xA6", "family: man, man, boy", 0, 0, ""},
    {"\xF0\x9F\x91\xA8\xE2\x80\x8D\xF0\x9F\x91\xA8\xE2\x80\x8D\xF0\x9F\x91\xA7", "family: man, man, girl", 0, 0, ""},
    {"\xF0\x9F\x91\xA8\xE2\x80\x8D\xF0\x9F\x91\xA8\xE2\x80\x8D\xF0\x9F\x91\xA7\xE2\x80\x8D\xF0\x9F\x91\xA6", "family: man, man, girl, boy", 0, 0, ""},
    {"\xF0\x9F\x91\xA8\xE2\x80\x8D\xF0\x9F\x91\xA8\xE2\x80\x8D\xF0\x9F\x91\xA6\xE2\x80\x8D\xF0\x9F\x91\xA6", "family: man, man, boy, boy", 0, 0, ""},
    {"\xF0\x9F\x91\xA8\xE2\x80\x8D\xF0\x9F\x91\xA8\xE2\x80\x8D\xF0\x9F\x91\xA7\xE2\x80\x8D\xF0\x9F\x91\xA7", "family: man, man, girl, girl", 0, 0, ""},
    {"\xF0\x9F\x91\xA9\xE2\x80\x8D\xF0\x9F\x91\xA9\xE2\x80\x8D\xF0\x9F\x91\xA6", "family: woman, woman, boy", 0, 0, ""},
    {"\xF0\x9F\x91\xA9\xE2\x80\x8D\xF0\x9F\x91\xA9\xE2\x80\x8D\xF0\x9F\x91\xA7", "family: woman, woman, girl", 0, 0, ""},
    {"\xF0\x9F\x91\xA9\xE2\x80\x8D\xF0\x9F\x91\xA9\xE2\x80\x8D\xF0\x9F\x91\xA7\xE2\x80\x8D\xF0\x9F\x91\xA6", "family: woman, woman, girl, boy", 0, 0, ""},
    {"\xF0\x9F\x91\xA9\xE2\x80\x8D\xF0\x9F\x91\xA9\xE2\x80\x8D\xF0\x9F\x91\xA6\xE2\x80\x8D\xF0\x9F\x91\xA6", "family: woman, woman, boy, boy", 0, 0, ""},
    {"\xF0\x9F\x91\xA9\xE2\x80\x8D\xF0\x9F\x91\xA9\xE2\x80\x8D\xF0\x9F\x91\xA7\xE2\x80\x8D\xF0\x9F\x91\xA7", "family: woman, woman, girl, girl", 0, 0, ""},
    {"\xF0\x9F\x91\xA8\xE2\x80\x8D\xF0\x9F\x91\xA6", "family: man, boy", 0, 0, ""},
    {"\xF0\x9F\x91\xA8\xE2\x80\x8D\xF0\x9F\x91\xA6\xE2\x80\x8D\xF0\x9F\x91\xA6", "family: man, boy, boy", 0, 0, ""},
    {"\xF0\x9F\x91\xA8\xE2\x80\x8D\xF0\x9F\x91\xA7", "family: man, girl", 0, 0, ""},
    {"\xF0\x9F\x91\xA8\xE2\x80\x8D\xF0\x9F\x91\xA7\xE2\x80\x8D\xF0\x9F\x91\xA6", "family: man, girl, boy", 0, 0, ""},
    {"\xF0\x9F\x91\xA8\xE2\x80\x8D\xF0\x9F\x91\xA7\xE2\x80\x8D\xF0\x9F\x91\xA7", "family: man, girl, girl", 0, 0, ""},
    {"\xF0\x9F\x91\xA9\xE2\x80\x8D\xF0\x9F\x91\xA6", "family: woman, boy", 0, 0, ""},
    {"\xF0\x9F\x91\xA9\xE2\x80\x8D\xF0\x9F\x91\xA6\xE2\x80\x8D\xF0\x9F\x91\xA6", "family: woman, boy, boy", 0, 0, ""},
    {"\xF0\x9F\x91\xA9\xE2\x80\x8D\xF0\x9F\x91\xA7", "family: woman, girl", 0, 0, ""},
    {"\xF0\x9F\x91\xA9\xE2\x80\x8D\xF0\x9F\x91\xA7\xE2\x80\x8D\xF0\x9F\x91\xA6", "family: woman, girl, boy", 0, 0, ""},
    {"\xF0\x9F\x91\xA9\xE2\x80\x8D\xF0\x9F\x91\xA7\xE2\x80\x8D\xF0\x9F\x91\xA7", "family: woman, girl, girl", 0, 0, ""},
    {"\xF0\x9F\xA7\x91\xE2\x80\x8D\xF0\x9F\xA7\x91\xE2\x80\x8D\xF0\x9F\xA7\x92", "family: adult, adult, child", 0, 0, ""},
    {"\xF0\x9F\xA7\x91\xE2\x80\x8D\xF0\x9F\xA7\x91\xE2\x80\x8D\xF0\x9F\xA7\x92\xE2\x80\x8D\xF0\x9F\xA7\x92", "family: adult, adult, child, child", 0, 0, ""},
    {"\xF0\x9F\xA7\x91\xE2\x80\x8D\xF0\x9F\xA7\x92", "family: adult, child", 0, 0, ""},
    {"\xF0\x9F\xA7\x91\xE2\x80\x8D\xF0\x9F\xA7\x92\xE2\x80\x8D\xF0\x9F\xA7\x92", "family: adult, child, child", 0, 0, ""},
    {"\xF0\x9F\x97\xA3\xEF\xB8\x8F", "speaking head", 0, 1, ""},
    {"\xF0\x9F\x91\xA4", "bust in silhouette", 0, 0, ""},
    {"\xF0\x9F\x91\xA5", "busts in silhouette", 0, 0, ""},
    {"\xF0\x9F\xAB\x82", "people hugging", 0, 0, "hug people_hugging"},
    {"\xF0\x9F\x91\xA3", "footprints", 0, 0, ""},
    {"\xF0\x9F\xAB\x86", "fingerprint", 0, 0, ""},
    {"\xF0\x9F\x90\xB5", "monkey face", 1, 0, "monkey"},
    {"\xF0\x9F\x90\x92", "monkey", 1, 0, ""},
    {"\xF0\x9F\xA6\x8D", "gorilla", 1, 0, ""},
    {"\xF0\x9F\xA6\xA7", "orangutan", 1, 0, ""},
    {"\xF0\x9F\x90\xB6", "dog face", 1, 0, "dog puppy"},
    {"\xF0\x9F\x90\x95", "dog", 1, 0, ""},
    {"\xF0\x9F\xA6\xAE", "guide dog", 1, 0, ""},
    {"\xF0\x9F\x90\x95\xE2\x80\x8D\xF0\x9F\xA6\xBA", "service dog", 1, 0, ""},
    {"\xF0\x9F\x90\xA9", "poodle", 1, 0, ""},
    {"\xF0\x9F\x90\xBA", "wolf face", 1, 0, ""},
    {"\xF0\x9F\xA6\x8A", "fox face", 1, 0, "fox"},
    {"\xF0\x9F\xA6\x9D", "raccoon", 1, 0, ""},
    {"\xF0\x9F\x90\xB1", "cat face", 1, 0, "cat kitten"},
    {"\xF0\x9F\x90\x88", "cat", 1, 0, ""},
    {"\xF0\x9F\x90\x88\xE2\x80\x8D\xE2\xAC\x9B", "black cat", 1, 0, ""},
    {"\xF0\x9F\xA6\x81", "lion face", 1, 0, "lion"},
    {"\xF0\x9F\x90\xAF", "tiger face", 1, 0, "tiger"},
    {"\xF0\x9F\x90\x85", "tiger", 1, 0, ""},
    {"\xF0\x9F\x90\x86", "leopard", 1, 0, ""},
    {"\xF0\x9F\x90\xB4", "horse face", 1, 0, ""},
    {"\xF0\x9F\xAB\x8E", "moose", 1, 0, ""},
    {"\xF0\x9F\xAB\x8F", "donkey", 1, 0, ""},
    {"\xF0\x9F\x90\x8E", "horse", 1, 0, ""},
    {"\xF0\x9F\xA6\x84", "unicorn face", 1, 0, "unicorn"},
    {"\xF0\x9F\xA6\x93", "zebra face", 1, 0, ""},
    {"\xF0\x9F\xA6\x8C", "deer", 1, 0, ""},
    {"\xF0\x9F\xA6\xAC", "bison", 1, 0, ""},
    {"\xF0\x9F\x90\xAE", "cow face", 1, 0, "cow"},
    {"\xF0\x9F\x90\x82", "ox", 1, 0, ""},
    {"\xF0\x9F\x90\x83", "water buffalo", 1, 0, ""},
    {"\xF0\x9F\x90\x84", "cow", 1, 0, ""},
    {"\xF0\x9F\x90\xB7", "pig face", 1, 0, "pig"},
    {"\xF0\x9F\x90\x96", "pig", 1, 0, ""},
    {"\xF0\x9F\x90\x97", "boar", 1, 0, ""},
    {"\xF0\x9F\x90\xBD", "pig nose", 1, 0, ""},
    {"\xF0\x9F\x90\x8F", "ram", 1, 0, ""},
    {"\xF0\x9F\x90\x91", "sheep", 1, 0, ""},
    {"\xF0\x9F\x90\x90", "goat", 1, 0, ""},
    {"\xF0\x9F\x90\xAA", "dromedary camel", 1, 0, ""},
    {"\xF0\x9F\x90\xAB", "bactrian camel", 1, 0, ""},
    {"\xF0\x9F\xA6\x99", "llama", 1, 0, ""},
    {"\xF0\x9F\xA6\x92", "giraffe face", 1, 0, ""},
    {"\xF0\x9F\x90\x98", "elephant", 1, 0, ""},
    {"\xF0\x9F\xA6\xA3", "mammoth", 1, 0, ""},
    {"\xF0\x9F\xA6\x8F", "rhinoceros", 1, 0, ""},
    {"\xF0\x9F\xA6\x9B", "hippopotamus", 1, 0, ""},
    {"\xF0\x9F\x90\xAD", "mouse face", 1, 0, "mouse"},
    {"\xF0\x9F\x90\x81", "mouse", 1, 0, ""},
    {"\xF0\x9F\x90\x80", "rat", 1, 0, ""},
    {"\xF0\x9F\x90\xB9", "hamster face", 1, 0, "hamster"},
    {"\xF0\x9F\x90\xB0", "rabbit face", 1, 0, "bunny rabbit"},
    {"\xF0\x9F\x90\x87", "rabbit", 1, 0, ""},
    {"\xF0\x9F\x90\xBF\xEF\xB8\x8F", "chipmunk", 1, 1, ""},
    {"\xF0\x9F\xA6\xAB", "beaver", 1, 0, ""},
    {"\xF0\x9F\xA6\x94", "hedgehog", 1, 0, ""},
    {"\xF0\x9F\xA6\x87", "bat", 1, 0, ""},
    {"\xF0\x9F\x90\xBB", "bear", 1, 0, "bear"},
    {"\xF0\x9F\x90\xBB\xE2\x80\x8D\xE2\x9D\x84\xEF\xB8\x8F", "polar bear", 1, 0, ""},
    {"\xF0\x9F\x90\xA8", "koala", 1, 0, "koala"},
    {"\xF0\x9F\x90\xBC", "panda face", 1, 0, "panda"},
    {"\xF0\x9F\xA6\xA5", "sloth", 1, 0, ""},
    {"\xF0\x9F\xA6\xA6", "otter", 1, 0, ""},
    {"\xF0\x9F\xA6\xA8", "skunk", 1, 0, ""},
    {"\xF0\x9F\xA6\x98", "kangaroo", 1, 0, ""},
    {"\xF0\x9F\xA6\xA1", "badger", 1, 0, ""},
    {"\xF0\x9F\x90\xBE", "paw prints", 1, 0, ""},
    {"\xF0\x9F\xA6\x83", "turkey", 1, 0, ""},
    {"\xF0\x9F\x90\x94", "chicken", 1, 0, "chicken"},
    {"\xF0\x9F\x90\x93", "rooster", 1, 0, ""},
    {"\xF0\x9F\x90\xA3", "hatching chick", 1, 0, ""},
    {"\xF0\x9F\x90\xA4", "baby chick", 1, 0, ""},
    {"\xF0\x9F\x90\xA5", "front-facing baby chick", 1, 0, ""},
    {"\xF0\x9F\x90\xA6", "bird", 1, 0, "bird"},
    {"\xF0\x9F\x90\xA7", "penguin", 1, 0, "penguin"},
    {"\xF0\x9F\x95\x8A\xEF\xB8\x8F", "dove", 1, 1, ""},
    {"\xF0\x9F\xA6\x85", "eagle", 1, 0, "eagle"},
    {"\xF0\x9F\xA6\x86", "duck", 1, 0, "duck"},
    {"\xF0\x9F\xA6\xA2", "swan", 1, 0, ""},
    {"\xF0\x9F\xA6\x89", "owl", 1, 0, "owl"},
    {"\xF0\x9F\xA6\xA4", "dodo", 1, 0, ""},
    {"\xF0\x9F\xAA\xB6", "feather", 1, 0, ""},
    {"\xF0\x9F\xA6\xA9", "flamingo", 1, 0, ""},
    {"\xF0\x9F\xA6\x9A", "peacock", 1, 0, ""},
    {"\xF0\x9F\xA6\x9C", "parrot", 1, 0, ""},
    {"\xF0\x9F\xAA\xBD", "wing", 1, 0, ""},
    {"\xF0\x9F\x90\xA6\xE2\x80\x8D\xE2\xAC\x9B", "black bird", 1, 0, ""},
    {"\xF0\x9F\xAA\xBF", "goose", 1, 0, ""},
    {"\xF0\x9F\x90\xA6\xE2\x80\x8D\xF0\x9F\x94\xA5", "phoenix", 1, 0, ""},
    {"\xF0\x9F\x90\xB8", "frog", 1, 0, "frog"},
    {"\xF0\x9F\x90\x8A", "crocodile", 1, 0, "crocodile"},
    {"\xF0\x9F\x90\xA2", "turtle", 1, 0, "turtle slow"},
    {"\xF0\x9F\xA6\x8E", "lizard", 1, 0, ""},
    {"\xF0\x9F\x90\x8D", "snake", 1, 0, "snake"},
    {"\xF0\x9F\x90\xB2", "dragon face", 1, 0, ""},
    {"\xF0\x9F\x90\x89", "dragon", 1, 0, "dragon"},
    {"\xF0\x9F\xA6\x95", "sauropod", 1, 0, ""},
    {"\xF0\x9F\xA6\x96", "t-rex", 1, 0, "dinosaur t-rex"},
    {"\xF0\x9F\x90\xB3", "spouting whale", 1, 0, "whale"},
    {"\xF0\x9F\x90\x8B", "whale", 1, 0, ""},
    {"\xF0\x9F\x90\xAC", "dolphin", 1, 0, "dolphin"},
    {"\xF0\x9F\xA6\xAD", "seal", 1, 0, ""},
    {"\xF0\x9F\x90\x9F", "fish", 1, 0, "fish"},
    {"\xF0\x9F\x90\xA0", "tropical fish", 1, 0, ""},
    {"\xF0\x9F\x90\xA1", "blowfish", 1, 0, ""},
    {"\xF0\x9F\xA6\x88", "shark", 1, 0, "shark"},
    {"\xF0\x9F\x90\x99", "octopus", 1, 0, "octopus"},
    {"\xF0\x9F\x90\x9A", "spiral shell", 1, 0, ""},
    {"\xF0\x9F\xAA\xB8", "coral", 1, 0, ""},
    {"\xF0\x9F\xAA\xBC", "jellyfish", 1, 0, ""},
    {"\xF0\x9F\x90\x8C", "snail", 1, 0, "snail slow"},
    {"\xF0\x9F\xA6\x8B", "butterfly", 1, 0, "butterfly"},
    {"\xF0\x9F\x90\x9B", "bug", 1, 0, "bug"},
    {"\xF0\x9F\x90\x9C", "ant", 1, 0, ""},
    {"\xF0\x9F\x90\x9D", "honeybee", 1, 0, "bee"},
    {"\xF0\x9F\xAA\xB2", "beetle", 1, 0, ""},
    {"\xF0\x9F\x90\x9E", "lady beetle", 1, 0, ""},
    {"\xF0\x9F\xA6\x97", "cricket", 1, 0, ""},
    {"\xF0\x9F\xAA\xB3", "cockroach", 1, 0, ""},
    {"\xF0\x9F\x95\xB7\xEF\xB8\x8F", "spider", 1, 1, ""},
    {"\xF0\x9F\x95\xB8\xEF\xB8\x8F", "spider web", 1, 1, ""},
    {"\xF0\x9F\xA6\x82", "scorpion", 1, 0, ""},
    {"\xF0\x9F\xA6\x9F", "mosquito", 1, 0, ""},
    {"\xF0\x9F\xAA\xB0", "fly", 1, 0, ""},
    {"\xF0\x9F\xAA\xB1", "worm", 1, 0, ""},
    {"\xF0\x9F\xA6\xA0", "microbe", 1, 0, ""},
    {"\xF0\x9F\x92\x90", "bouquet", 1, 0, ""},
    {"\xF0\x9F\x8C\xB8", "cherry blossom", 1, 0, "cherry_blossom flower"},
    {"\xF0\x9F\x92\xAE", "white flower", 1, 0, ""},
    {"\xF0\x9F\xAA\xB7", "lotus", 1, 0, ""},
    {"\xF0\x9F\x8F\xB5\xEF\xB8\x8F", "rosette", 1, 1, ""},
    {"\xF0\x9F\x8C\xB9", "rose", 1, 0, "rose flower"},
    {"\xF0\x9F\xA5\x80", "wilted flower", 1, 0, ""},
    {"\xF0\x9F\x8C\xBA", "hibiscus", 1, 0, ""},
    {"\xF0\x9F\x8C\xBB", "sunflower", 1, 0, "sunflower"},
    {"\xF0\x9F\x8C\xBC", "blossom", 1, 0, ""},
    {"\xF0\x9F\x8C\xB7", "tulip", 1, 0, ""},
    {"\xF0\x9F\xAA\xBB", "hyacinth", 1, 0, ""},
    {"\xF0\x9F\x8C\xB1", "seedling", 1, 0, ""},
    {"\xF0\x9F\xAA\xB4", "potted plant", 1, 0, ""},
    {"\xF0\x9F\x8C\xB2", "evergreen tree", 1, 0, "tree"},
    {"\xF0\x9F\x8C\xB3", "deciduous tree", 1, 0, ""},
    {"\xF0\x9F\x8C\xB4", "palm tree", 1, 0, ""},
    {"\xF0\x9F\x8C\xB5", "cactus", 1, 0, "cactus"},
    {"\xF0\x9F\x8C\xBE", "sheaf of rice", 1, 0, ""},
    {"\xF0\x9F\x8C\xBF", "herb", 1, 0, ""},
    {"\xE2\x98\x98\xEF\xB8\x8F", "shamrock", 1, 1, ""},
    {"\xF0\x9F\x8D\x80", "four leaf clover", 1, 0, "four_leaf_clover luck lucky"},
    {"\xF0\x9F\x8D\x81", "maple leaf", 1, 0, "maple_leaf autumn"},
    {"\xF0\x9F\x8D\x82", "fallen leaf", 1, 0, ""},
    {"\xF0\x9F\x8D\x83", "leaf fluttering in wind", 1, 0, ""},
    {"\xF0\x9F\xAA\xB9", "empty nest", 1, 0, ""},
    {"\xF0\x9F\xAA\xBA", "nest with eggs", 1, 0, ""},
    {"\xF0\x9F\x8D\x84", "mushroom", 1, 0, ""},
    {"\xF0\x9F\xAA\xBE", "leafless tree", 1, 0, ""},
    {"\xF0\x9F\x8D\x87", "grapes", 2, 0, ""},
    {"\xF0\x9F\x8D\x88", "melon", 2, 0, ""},
    {"\xF0\x9F\x8D\x89", "watermelon", 2, 0, "watermelon"},
    {"\xF0\x9F\x8D\x8A", "tangerine", 2, 0, ""},
    {"\xF0\x9F\x8D\x8B", "lemon", 2, 0, ""},
    {"\xF0\x9F\x8D\x8B\xE2\x80\x8D\xF0\x9F\x9F\xA9", "lime", 2, 0, ""},
    {"\xF0\x9F\x8D\x8C", "banana", 2, 0, ""},
    {"\xF0\x9F\x8D\x8D", "pineapple", 2, 0, ""},
    {"\xF0\x9F\xA5\xAD", "mango", 2, 0, ""},
    {"\xF0\x9F\x8D\x8E", "red apple", 2, 0, "apple"},
    {"\xF0\x9F\x8D\x8F", "green apple", 2, 0, ""},
    {"\xF0\x9F\x8D\x90", "pear", 2, 0, ""},
    {"\xF0\x9F\x8D\x91", "peach", 2, 0, "peach"},
    {"\xF0\x9F\x8D\x92", "cherries", 2, 0, ""},
    {"\xF0\x9F\x8D\x93", "strawberry", 2, 0, "strawberry"},
    {"\xF0\x9F\xAB\x90", "blueberries", 2, 0, ""},
    {"\xF0\x9F\xA5\x9D", "kiwi fruit", 2, 0, ""},
    {"\xF0\x9F\x8D\x85", "tomato", 2, 0, ""},
    {"\xF0\x9F\xAB\x92", "olive", 2, 0, ""},
    {"\xF0\x9F\xA5\xA5", "coconut", 2, 0, ""},
    {"\xF0\x9F\xA5\x91", "avocado", 2, 0, "avocado"},
    {"\xF0\x9F\x8D\x86", "aubergine", 2, 0, "eggplant"},
    {"\xF0\x9F\xA5\x94", "potato", 2, 0, ""},
    {"\xF0\x9F\xA5\x95", "carrot", 2, 0, ""},
    {"\xF0\x9F\x8C\xBD", "ear of corn", 2, 0, ""},
    {"\xF0\x9F\x8C\xB6\xEF\xB8\x8F", "hot pepper", 2, 1, ""},
    {"\xF0\x9F\xAB\x91", "bell pepper", 2, 0, ""},
    {"\xF0\x9F\xA5\x92", "cucumber", 2, 0, ""},
    {"\xF0\x9F\xA5\xAC", "leafy green", 2, 0, ""},
    {"\xF0\x9F\xA5\xA6", "broccoli", 2, 0, ""},
    {"\xF0\x9F\xA7\x84", "garlic", 2, 0, ""},
    {"\xF0\x9F\xA7\x85", "onion", 2, 0, ""},
    {"\xF0\x9F\xA5\x9C", "peanuts", 2, 0, ""},
    {"\xF0\x9F\xAB\x98", "beans", 2, 0, ""},
    {"\xF0\x9F\x8C\xB0", "chestnut", 2, 0, ""},
    {"\xF0\x9F\xAB\x9A", "ginger root", 2, 0, ""},
    {"\xF0\x9F\xAB\x9B", "pea pod", 2, 0, ""},
    {"\xF0\x9F\x8D\x84\xE2\x80\x8D\xF0\x9F\x9F\xAB", "brown mushroom", 2, 0, ""},
    {"\xF0\x9F\xAB\x9C", "root vegetable", 2, 0, ""},
    {"\xF0\x9F\x8D\x9E", "bread", 2, 0, ""},
    {"\xF0\x9F\xA5\x90", "croissant", 2, 0, ""},
    {"\xF0\x9F\xA5\x96", "baguette bread", 2, 0, ""},
    {"\xF0\x9F\xAB\x93", "flatbread", 2, 0, ""},
    {"\xF0\x9F\xA5\xA8", "pretzel", 2, 0, ""},
    {"\xF0\x9F\xA5\xAF", "bagel", 2, 0, ""},
    {"\xF0\x9F\xA5\x9E", "pancakes", 2, 0, ""},
    {"\xF0\x9F\xA7\x87", "waffle", 2, 0, ""},
    {"\xF0\x9F\xA7\x80", "cheese wedge", 2, 0, ""},
    {"\xF0\x9F\x8D\x96", "meat on bone", 2, 0, ""},
    {"\xF0\x9F\x8D\x97", "poultry leg", 2, 0, ""},
    {"\xF0\x9F\xA5\xA9", "cut of meat", 2, 0, ""},
    {"\xF0\x9F\xA5\x93", "bacon", 2, 0, ""},
    {"\xF0\x9F\x8D\x94", "hamburger", 2, 0, "burger hamburger"},
    {"\xF0\x9F\x8D\x9F", "french fries", 2, 0, "fries"},
    {"\xF0\x9F\x8D\x95", "pizza", 2, 0, "pizza"},
    {"\xF0\x9F\x8C\xAD", "hot dog", 2, 0, ""},
    {"\xF0\x9F\xA5\xAA", "sandwich", 2, 0, ""},
    {"\xF0\x9F\x8C\xAE", "taco", 2, 0, "taco"},
    {"\xF0\x9F\x8C\xAF", "burrito", 2, 0, ""},
    {"\xF0\x9F\xAB\x94", "tamale", 2, 0, ""},
    {"\xF0\x9F\xA5\x99", "stuffed flatbread", 2, 0, ""},
    {"\xF0\x9F\xA7\x86", "falafel", 2, 0, ""},
    {"\xF0\x9F\xA5\x9A", "egg", 2, 0, ""},
    {"\xF0\x9F\x8D\xB3", "cooking", 2, 0, ""},
    {"\xF0\x9F\xA5\x98", "shallow pan of food", 2, 0, ""},
    {"\xF0\x9F\x8D\xB2", "pot of food", 2, 0, ""},
    {"\xF0\x9F\xAB\x95", "fondue", 2, 0, ""},
    {"\xF0\x9F\xA5\xA3", "bowl with spoon", 2, 0, ""},
    {"\xF0\x9F\xA5\x97", "green salad", 2, 0, ""},
    {"\xF0\x9F\x8D\xBF", "popcorn", 2, 0, "popcorn"},
    {"\xF0\x9F\xA7\x88", "butter", 2, 0, ""},
    {"\xF0\x9F\xA7\x82", "salt shaker", 2, 0, "salt"},
    {"\xF0\x9F\xA5\xAB", "canned food", 2, 0, ""},
    {"\xF0\x9F\x8D\xB1", "bento box", 2, 0, ""},
    {"\xF0\x9F\x8D\x98", "rice cracker", 2, 0, ""},
    {"\xF0\x9F\x8D\x99", "rice ball", 2, 0, ""},
    {"\xF0\x9F\x8D\x9A", "cooked rice", 2, 0, ""},
    {"\xF0\x9F\x8D\x9B", "curry rice", 2, 0, ""},
    {"\xF0\x9F\x8D\x9C", "steaming bowl", 2, 0, ""},
    {"\xF0\x9F\x8D\x9D", "spaghetti", 2, 0, ""},
    {"\xF0\x9F\x8D\xA0", "roasted sweet potato", 2, 0, ""},
    {"\xF0\x9F\x8D\xA2", "oden", 2, 0, ""},
    {"\xF0\x9F\x8D\xA3", "sushi", 2, 0, "sushi"},
    {"\xF0\x9F\x8D\xA4", "fried shrimp", 2, 0, ""},
    {"\xF0\x9F\x8D\xA5", "fish cake with swirl", 2, 0, ""},
    {"\xF0\x9F\xA5\xAE", "moon cake", 2, 0, ""},
    {"\xF0\x9F\x8D\xA1", "dango", 2, 0, ""},
    {"\xF0\x9F\xA5\x9F", "dumpling", 2, 0, ""},
    {"\xF0\x9F\xA5\xA0", "fortune cookie", 2, 0, ""},
    {"\xF0\x9F\xA5\xA1", "takeout box", 2, 0, ""},
    {"\xF0\x9F\xA6\x80", "crab", 2, 0, "crab"},
    {"\xF0\x9F\xA6\x9E", "lobster", 2, 0, ""},
    {"\xF0\x9F\xA6\x90", "shrimp", 2, 0, ""},
    {"\xF0\x9F\xA6\x91", "squid", 2, 0, ""},
    {"\xF0\x9F\xA6\xAA", "oyster", 2, 0, ""},
    {"\xF0\x9F\x8D\xA6", "soft ice cream", 2, 0, ""},
    {"\xF0\x9F\x8D\xA7", "shaved ice", 2, 0, ""},
    {"\xF0\x9F\x8D\xA8", "ice cream", 2, 0, ""},
    {"\xF0\x9F\x8D\xA9", "doughnut", 2, 0, "donut doughnut"},
    {"\xF0\x9F\x8D\xAA", "cookie", 2, 0, "cookie"},
    {"\xF0\x9F\x8E\x82", "birthday cake", 2, 0, "cake birthday"},
    {"\xF0\x9F\x8D\xB0", "shortcake", 2, 0, "cake"},
    {"\xF0\x9F\xA7\x81", "cupcake", 2, 0, ""},
    {"\xF0\x9F\xA5\xA7", "pie", 2, 0, ""},
    {"\xF0\x9F\x8D\xAB", "chocolate bar", 2, 0, ""},
    {"\xF0\x9F\x8D\xAC", "candy", 2, 0, ""},
    {"\xF0\x9F\x8D\xAD", "lollipop", 2, 0, ""},
    {"\xF0\x9F\x8D\xAE", "custard", 2, 0, ""},
    {"\xF0\x9F\x8D\xAF", "honey pot", 2, 0, ""},
    {"\xF0\x9F\x8D\xBC", "baby bottle", 2, 0, ""},
    {"\xF0\x9F\xA5\x9B", "glass of milk", 2, 0, ""},
    {"\xE2\x98\x95", "hot beverage", 2, 0, "coffee tea"},
    {"\xF0\x9F\xAB\x96", "teapot", 2, 0, ""},
    {"\xF0\x9F\x8D\xB5", "teacup without handle", 2, 0, ""},
    {"\xF0\x9F\x8D\xB6", "sake bottle and cup", 2, 0, ""},
    {"\xF0\x9F\x8D\xBE", "bottle with popping cork", 2, 0, ""},
    {"\xF0\x9F\x8D\xB7", "wine glass", 2, 0, "wine"},
    {"\xF0\x9F\x8D\xB8", "cocktail glass", 2, 0, ""},
    {"\xF0\x9F\x8D\xB9", "tropical drink", 2, 0, ""},
    {"\xF0\x9F\x8D\xBA", "beer mug", 2, 0, "beer"},
    {"\xF0\x9F\x8D\xBB", "clinking beer mugs", 2, 0, "beers cheers"},
    {"\xF0\x9F\xA5\x82", "clinking glasses", 2, 0, "champagne toast cheers"},
    {"\xF0\x9F\xA5\x83", "tumbler glass", 2, 0, ""},
    {"\xF0\x9F\xAB\x97", "pouring liquid", 2, 0, ""},
    {"\xF0\x9F\xA5\xA4", "cup with straw", 2, 0, ""},
    {"\xF0\x9F\xA7\x8B", "bubble tea", 2, 0, ""},
    {"\xF0\x9F\xA7\x83", "beverage box", 2, 0, ""},
    {"\xF0\x9F\xA7\x89", "mate drink", 2, 0, ""},
    {"\xF0\x9F\xA7\x8A", "ice", 2, 0, "ice cube"},
    {"\xF0\x9F\xA5\xA2", "chopsticks", 2, 0, ""},
    {"\xF0\x9F\x8D\xBD\xEF\xB8\x8F", "fork and knife with plate", 2, 1, ""},
    {"\xF0\x9F\x8D\xB4", "fork and knife", 2, 0, ""},
    {"\xF0\x9F\xA5\x84", "spoon", 2, 0, ""},
    {"\xF0\x9F\x94\xAA", "kitchen knife", 2, 0, ""},
    {"\xF0\x9F\xAB\x99", "jar", 2, 0, ""},
    {"\xF0\x9F\x8F\xBA", "amphora", 2, 0, ""},
    {"\xF0\x9F\x8E\x83", "jack-o-lantern", 3, 0, "jack_o_lantern halloween pumpkin"},
    {"\xF0\x9F\x8E\x84", "Christmas tree", 3, 0, "christmas_tree xmas"},
    {"\xF0\x9F\x8E\x86", "fireworks", 3, 0, ""},
    {"\xF0\x9F\x8E\x87", "sparkler", 3, 0, ""},
    {"\xF0\x9F\xA7\xA8", "firecracker", 3, 0, ""},
    {"\xE2\x9C\xA8", "sparkles", 3, 0, "sparkles shiny"},
    {"\xF0\x9F\x8E\x88", "balloon", 3, 0, ""},
    {"\xF0\x9F\x8E\x89", "party popper", 3, 0, "tada party congratulations celebrate"},
    {"\xF0\x9F\x8E\x8A", "confetti ball", 3, 0, "confetti party"},
    {"\xF0\x9F\x8E\x8B", "tanabata tree", 3, 0, ""},
    {"\xF0\x9F\x8E\x8D", "pine decoration", 3, 0, ""},
    {"\xF0\x9F\x8E\x8E", "Japanese dolls", 3, 0, ""},
    {"\xF0\x9F\x8E\x8F", "carp streamer", 3, 0, ""},
    {"\xF0\x9F\x8E\x90", "wind chime", 3, 0, ""},
    {"\xF0\x9F\x8E\x91", "moon viewing ceremony", 3, 0, ""},
    {"\xF0\x9F\xA7\xA7", "red envelope", 3, 0, ""},
    {"\xF0\x9F\x8E\x80", "ribbon", 3, 0, ""},
    {"\xF0\x9F\x8E\x81", "wrapped gift", 3, 0, "gift present"},
    {"\xF0\x9F\x8E\x97\xEF\xB8\x8F", "reminder ribbon", 3, 1, ""},
    {"\xF0\x9F\x8E\x9F\xEF\xB8\x8F", "admission tickets", 3, 1, ""},
    {"\xF0\x9F\x8E\xAB", "ticket", 3, 0, ""},
    {"\xF0\x9F\x8E\x96\xEF\xB8\x8F", "military medal", 3, 1, ""},
    {"\xF0\x9F\x8F\x86", "trophy", 3, 0, "trophy win winner"},
    {"\xF0\x9F\x8F\x85", "sports medal", 3, 0, ""},
    {"\xF0\x9F\xA5\x87", "1st place medal", 3, 0, "first gold medal"},
    {"\xF0\x9F\xA5\x88", "2nd place medal", 3, 0, ""},
    {"\xF0\x9F\xA5\x89", "3rd place medal", 3, 0, ""},
    {"\xE2\x9A\xBD", "soccer ball", 3, 0, "soccer football ball"},
    {"\xE2\x9A\xBE", "baseball", 3, 0, ""},
    {"\xF0\x9F\xA5\x8E", "softball", 3, 0, ""},
    {"\xF0\x9F\x8F\x80", "basketball and hoop", 3, 0, "basketball"},
    {"\xF0\x9F\x8F\x90", "volleyball", 3, 0, ""},
    {"\xF0\x9F\x8F\x88", "american football", 3, 0, ""},
    {"\xF0\x9F\x8F\x89", "rugby football", 3, 0, ""},
    {"\xF0\x9F\x8E\xBE", "tennis racquet and ball", 3, 0, ""},
    {"\xF0\x9F\xA5\x8F", "flying disc", 3, 0, ""},
    {"\xF0\x9F\x8E\xB3", "bowling", 3, 0, ""},
    {"\xF0\x9F\x8F\x8F", "cricket game", 3, 0, ""},
    {"\xF0\x9F\x8F\x91", "field hockey", 3, 0, ""},
    {"\xF0\x9F\x8F\x92", "ice hockey", 3, 0, ""},
    {"\xF0\x9F\xA5\x8D", "lacrosse stick and ball", 3, 0, ""},
    {"\xF0\x9F\x8F\x93", "ping pong", 3, 0, ""},
    {"\xF0\x9F\x8F\xB8", "badminton racquet and shuttlecock", 3, 0, ""},
    {"\xF0\x9F\xA5\x8A", "boxing glove", 3, 0, ""},
    {"\xF0\x9F\xA5\x8B", "martial arts uniform", 3, 0, ""},
    {"\xF0\x9F\xA5\x85", "goal net", 3, 0, ""},
    {"\xE2\x9B\xB3", "flag in hole", 3, 0, ""},
    {"\xE2\x9B\xB8\xEF\xB8\x8F", "ice skate", 3, 1, ""},
    {"\xF0\x9F\x8E\xA3", "fishing pole", 3, 0, ""},
    {"\xF0\x9F\xA4\xBF", "diving mask", 3, 0, ""},
    {"\xF0\x9F\x8E\xBD", "running shirt", 3, 0, ""},
    {"\xF0\x9F\x8E\xBF", "skis", 3, 0, ""},
    {"\xF0\x9F\x9B\xB7", "sled", 3, 0, ""},
    {"\xF0\x9F\xA5\x8C", "curling stone", 3, 0, ""},
    {"\xF0\x9F\x8E\xAF", "bullseye", 3, 0, "dart bullseye target"},
    {"\xF0\x9F\xAA\x80", "yo-yo", 3, 0, ""},
    {"\xF0\x9F\xAA\x81", "kite", 3, 0, ""},
    {"\xF0\x9F\x94\xAB", "water pistol", 3, 0, ""},
    {"\xF0\x9F\x8E\xB1", "pool 8 ball", 3, 0, ""},
    {"\xF0\x9F\x94\xAE", "crystal ball", 3, 0, ""},
    {"\xF0\x9F\xAA\x84", "magic wand", 3, 0, ""},
    {"\xF0\x9F\x8E\xAE", "video game", 3, 0, "video_game gaming game controller"},
    {"\xF0\x9F\x95\xB9\xEF\xB8\x8F", "joystick", 3, 1, "joystick gaming"},
    {"\xF0\x9F\x8E\xB0", "slot machine", 3, 0, ""},
    {"\xF0\x9F\x8E\xB2", "game die", 3, 0, "dice game_die"},
    {"\xF0\x9F\xA7\xA9", "puzzle piece", 3, 0, ""},
    {"\xF0\x9F\xA7\xB8", "teddy bear", 3, 0, ""},
    {"\xF0\x9F\xAA\x85", "pinata", 3, 0, ""},
    {"\xF0\x9F\xAA\xA9", "mirror ball", 3, 0, ""},
    {"\xF0\x9F\xAA\x86", "nesting dolls", 3, 0, ""},
    {"\xE2\x99\xA0\xEF\xB8\x8F", "spade suit", 3, 1, ""},
    {"\xE2\x99\xA5\xEF\xB8\x8F", "heart suit", 3, 1, ""},
    {"\xE2\x99\xA6\xEF\xB8\x8F", "diamond suit", 3, 1, ""},
    {"\xE2\x99\xA3\xEF\xB8\x8F", "club suit", 3, 1, ""},
    {"\xE2\x99\x9F\xEF\xB8\x8F", "chess pawn", 3, 1, "chess"},
    {"\xF0\x9F\x83\x8F", "joker", 3, 0, "joker card"},
    {"\xF0\x9F\x80\x84", "mahjong red dragon", 3, 0, ""},
    {"\xF0\x9F\x8E\xB4", "flower playing cards", 3, 0, ""},
    {"\xF0\x9F\x8E\xAD", "performing arts", 3, 0, ""},
    {"\xF0\x9F\x96\xBC\xEF\xB8\x8F", "framed picture", 3, 1, ""},
    {"\xF0\x9F\x8E\xA8", "artist palette", 3, 0, ""},
    {"\xF0\x9F\xA7\xB5", "spool of thread", 3, 0, ""},
    {"\xF0\x9F\xAA\xA1", "sewing needle", 3, 0, ""},
    {"\xF0\x9F\xA7\xB6", "ball of yarn", 3, 0, ""},
    {"\xF0\x9F\xAA\xA2", "knot", 3, 0, ""},
    {"\xF0\x9F\x8C\x8D", "globe showing Europe-Africa", 4, 0, "earth world globe"},
    {"\xF0\x9F\x8C\x8E", "globe showing Americas", 4, 0, ""},
    {"\xF0\x9F\x8C\x8F", "globe showing Asia-Australia", 4, 0, ""},
    {"\xF0\x9F\x8C\x90", "globe with meridians", 4, 0, ""},
    {"\xF0\x9F\x97\xBA\xEF\xB8\x8F", "world map", 4, 1, ""},
    {"\xF0\x9F\x97\xBE", "map of Japan", 4, 0, ""},
    {"\xF0\x9F\xA7\xAD", "compass", 4, 0, ""},
    {"\xF0\x9F\x8F\x94\xEF\xB8\x8F", "snow-capped mountain", 4, 1, ""},
    {"\xE2\x9B\xB0\xEF\xB8\x8F", "mountain", 4, 1, ""},
    {"\xF0\x9F\x8C\x8B", "volcano", 4, 0, ""},
    {"\xF0\x9F\x97\xBB", "mount fuji", 4, 0, ""},
    {"\xF0\x9F\x8F\x95\xEF\xB8\x8F", "camping", 4, 1, ""},
    {"\xF0\x9F\x8F\x96\xEF\xB8\x8F", "beach with umbrella", 4, 1, ""},
    {"\xF0\x9F\x8F\x9C\xEF\xB8\x8F", "desert", 4, 1, ""},
    {"\xF0\x9F\x8F\x9D\xEF\xB8\x8F", "desert island", 4, 1, ""},
    {"\xF0\x9F\x8F\x9E\xEF\xB8\x8F", "national park", 4, 1, ""},
    {"\xF0\x9F\x8F\x9F\xEF\xB8\x8F", "stadium", 4, 1, ""},
    {"\xF0\x9F\x8F\x9B\xEF\xB8\x8F", "classical building", 4, 1, ""},
    {"\xF0\x9F\x8F\x97\xEF\xB8\x8F", "building construction", 4, 1, ""},
    {"\xF0\x9F\xA7\xB1", "brick", 4, 0, ""},
    {"\xF0\x9F\xAA\xA8", "rock", 4, 0, ""},
    {"\xF0\x9F\xAA\xB5", "wood", 4, 0, ""},
    {"\xF0\x9F\x9B\x96", "hut", 4, 0, ""},
    {"\xF0\x9F\x8F\x98\xEF\xB8\x8F", "houses", 4, 1, ""},
    {"\xF0\x9F\x8F\x9A\xEF\xB8\x8F", "derelict house", 4, 1, ""},
    {"\xF0\x9F\x8F\xA0", "house building", 4, 0, "house home"},
    {"\xF0\x9F\x8F\xA1", "house with garden", 4, 0, ""},
    {"\xF0\x9F\x8F\xA2", "office building", 4, 0, ""},
    {"\xF0\x9F\x8F\xA3", "Japanese post office", 4, 0, ""},
    {"\xF0\x9F\x8F\xA4", "post office", 4, 0, ""},
    {"\xF0\x9F\x8F\xA5", "hospital", 4, 0, ""},
    {"\xF0\x9F\x8F\xA6", "bank", 4, 0, ""},
    {"\xF0\x9F\x8F\xA8", "hotel", 4, 0, ""},
    {"\xF0\x9F\x8F\xA9", "love hotel", 4, 0, ""},
    {"\xF0\x9F\x8F\xAA", "convenience store", 4, 0, ""},
    {"\xF0\x9F\x8F\xAB", "school", 4, 0, ""},
    {"\xF0\x9F\x8F\xAC", "department store", 4, 0, ""},
    {"\xF0\x9F\x8F\xAD", "factory", 4, 0, ""},
    {"\xF0\x9F\x8F\xAF", "Japanese castle", 4, 0, ""},
    {"\xF0\x9F\x8F\xB0", "castle", 4, 0, ""},
    {"\xF0\x9F\x92\x92", "wedding", 4, 0, ""},
    {"\xF0\x9F\x97\xBC", "Tokyo tower", 4, 0, ""},
    {"\xF0\x9F\x97\xBD", "Statue of Liberty", 4, 0, ""},
    {"\xE2\x9B\xAA", "church", 4, 0, ""},
    {"\xF0\x9F\x95\x8C", "mosque", 4, 0, ""},
    {"\xF0\x9F\x9B\x95", "hindu temple", 4, 0, ""},
    {"\xF0\x9F\x95\x8D", "synagogue", 4, 0, ""},
    {"\xE2\x9B\xA9\xEF\xB8\x8F", "shinto shrine", 4, 1, ""},
    {"\xF0\x9F\x95\x8B", "kaaba", 4, 0, ""},
    {"\xE2\x9B\xB2", "fountain", 4, 0, ""},
    {"\xE2\x9B\xBA", "tent", 4, 0, ""},
    {"\xF0\x9F\x8C\x81", "foggy", 4, 0, ""},
    {"\xF0\x9F\x8C\x83", "night with stars", 4, 0, ""},
    {"\xF0\x9F\x8F\x99\xEF\xB8\x8F", "cityscape", 4, 1, ""},
    {"\xF0\x9F\x8C\x84", "sunrise over mountains", 4, 0, ""},
    {"\xF0\x9F\x8C\x85", "sunrise", 4, 0, ""},
    {"\xF0\x9F\x8C\x86", "cityscape at dusk", 4, 0, ""},
    {"\xF0\x9F\x8C\x87", "sunset", 4, 0, ""},
    {"\xF0\x9F\x8C\x89", "bridge at night", 4, 0, ""},
    {"\xE2\x99\xA8\xEF\xB8\x8F", "hot springs", 4, 1, ""},
    {"\xF0\x9F\x8E\xA0", "carousel horse", 4, 0, ""},
    {"\xF0\x9F\x9B\x9D", "playground slide", 4, 0, ""},
    {"\xF0\x9F\x8E\xA1", "ferris wheel", 4, 0, ""},
    {"\xF0\x9F\x8E\xA2", "roller coaster", 4, 0, ""},
    {"\xF0\x9F\x92\x88", "barber pole", 4, 0, ""},
    {"\xF0\x9F\x8E\xAA", "circus tent", 4, 0, ""},
    {"\xF0\x9F\x9A\x82", "locomotive", 4, 0, ""},
    {"\xF0\x9F\x9A\x83", "railway car", 4, 0, ""},
    {"\xF0\x9F\x9A\x84", "high-speed train", 4, 0, ""},
    {"\xF0\x9F\x9A\x85", "bullet train", 4, 0, ""},
    {"\xF0\x9F\x9A\x86", "train", 4, 0, ""},
    {"\xF0\x9F\x9A\x87", "metro", 4, 0, ""},
    {"\xF0\x9F\x9A\x88", "light rail", 4, 0, ""},
    {"\xF0\x9F\x9A\x89", "station", 4, 0, ""},
    {"\xF0\x9F\x9A\x8A", "tram", 4, 0, ""},
    {"\xF0\x9F\x9A\x9D", "monorail", 4, 0, ""},
    {"\xF0\x9F\x9A\x9E", "mountain railway", 4, 0, ""},
    {"\xF0\x9F\x9A\x8B", "tram car", 4, 0, ""},
    {"\xF0\x9F\x9A\x8C", "bus", 4, 0, ""},
    {"\xF0\x9F\x9A\x8D", "oncoming bus", 4, 0, ""},
    {"\xF0\x9F\x9A\x8E", "trolleybus", 4, 0, ""},
    {"\xF0\x9F\x9A\x90", "minibus", 4, 0, ""},
    {"\xF0\x9F\x9A\x91", "ambulance", 4, 0, ""},
    {"\xF0\x9F\x9A\x92", "fire engine", 4, 0, ""},
    {"\xF0\x9F\x9A\x93", "police car", 4, 0, ""},
    {"\xF0\x9F\x9A\x94", "oncoming police car", 4, 0, ""},
    {"\xF0\x9F\x9A\x95", "taxi", 4, 0, ""},
    {"\xF0\x9F\x9A\x96", "oncoming taxi", 4, 0, ""},
    {"\xF0\x9F\x9A\x97", "automobile", 4, 0, "car"},
    {"\xF0\x9F\x9A\x98", "oncoming automobile", 4, 0, ""},
    {"\xF0\x9F\x9A\x99", "sport utility vehicle", 4, 0, ""},
    {"\xF0\x9F\x9B\xBB", "pickup truck", 4, 0, ""},
    {"\xF0\x9F\x9A\x9A", "delivery truck", 4, 0, ""},
    {"\xF0\x9F\x9A\x9B", "articulated lorry", 4, 0, ""},
    {"\xF0\x9F\x9A\x9C", "tractor", 4, 0, ""},
    {"\xF0\x9F\x8F\x8E\xEF\xB8\x8F", "racing car", 4, 1, ""},
    {"\xF0\x9F\x8F\x8D\xEF\xB8\x8F", "motorcycle", 4, 1, ""},
    {"\xF0\x9F\x9B\xB5", "motor scooter", 4, 0, ""},
    {"\xF0\x9F\xA6\xBD", "manual wheelchair", 4, 0, ""},
    {"\xF0\x9F\xA6\xBC", "motorized wheelchair", 4, 0, ""},
    {"\xF0\x9F\x9B\xBA", "auto rickshaw", 4, 0, ""},
    {"\xF0\x9F\x9A\xB2", "bicycle", 4, 0, ""},
    {"\xF0\x9F\x9B\xB4", "kick scooter", 4, 0, ""},
    {"\xF0\x9F\x9B\xB9", "skateboard", 4, 0, ""},
    {"\xF0\x9F\x9B\xBC", "roller skate", 4, 0, ""},
    {"\xF0\x9F\x9A\x8F", "bus stop", 4, 0, ""},
    {"\xF0\x9F\x9B\xA3\xEF\xB8\x8F", "motorway", 4, 1, ""},
    {"\xF0\x9F\x9B\xA4\xEF\xB8\x8F", "railway track", 4, 1, ""},
    {"\xF0\x9F\x9B\xA2\xEF\xB8\x8F", "oil drum", 4, 1, ""},
    {"\xE2\x9B\xBD", "fuel pump", 4, 0, ""},
    {"\xF0\x9F\x9B\x9E", "wheel", 4, 0, ""},
    {"\xF0\x9F\x9A\xA8", "police car light", 4, 0, ""},
    {"\xF0\x9F\x9A\xA5", "horizontal traffic light", 4, 0, ""},
    {"\xF0\x9F\x9A\xA6", "vertical traffic light", 4, 0, ""},
    {"\xF0\x9F\x9B\x91", "stop sign", 4, 0, ""},
    {"\xF0\x9F\x9A\xA7", "construction", 4, 0, ""},
    {"\xE2\x9A\x93", "anchor", 4, 0, ""},
    {"\xF0\x9F\x9B\x9F", "ring buoy", 4, 0, ""},
    {"\xE2\x9B\xB5", "sailboat", 4, 0, ""},
    {"\xF0\x9F\x9B\xB6", "canoe", 4, 0, ""},
    {"\xF0\x9F\x9A\xA4", "speedboat", 4, 0, ""},
    {"\xF0\x9F\x9B\xB3\xEF\xB8\x8F", "passenger ship", 4, 1, ""},
    {"\xE2\x9B\xB4\xEF\xB8\x8F", "ferry", 4, 1, ""},
    {"\xF0\x9F\x9B\xA5\xEF\xB8\x8F", "motor boat", 4, 1, ""},
    {"\xF0\x9F\x9A\xA2", "ship", 4, 0, ""},
    {"\xE2\x9C\x88\xEF\xB8\x8F", "airplane", 4, 1, "airplane plane flight"},
    {"\xF0\x9F\x9B\xA9\xEF\xB8\x8F", "small airplane", 4, 1, ""},
    {"\xF0\x9F\x9B\xAB", "airplane departure", 4, 0, ""},
    {"\xF0\x9F\x9B\xAC", "airplane arrival", 4, 0, ""},
    {"\xF0\x9F\xAA\x82", "parachute", 4, 0, ""},
    {"\xF0\x9F\x92\xBA", "seat", 4, 0, ""},
    {"\xF0\x9F\x9A\x81", "helicopter", 4, 0, ""},
    {"\xF0\x9F\x9A\x9F", "suspension railway", 4, 0, ""},
    {"\xF0\x9F\x9A\xA0", "mountain cableway", 4, 0, ""},
    {"\xF0\x9F\x9A\xA1", "aerial tramway", 4, 0, ""},
    {"\xF0\x9F\x9B\xB0\xEF\xB8\x8F", "satellite", 4, 1, ""},
    {"\xF0\x9F\x9A\x80", "rocket", 4, 0, "rocket launch"},
    {"\xF0\x9F\x9B\xB8", "flying saucer", 4, 0, ""},
    {"\xF0\x9F\x9B\x8E\xEF\xB8\x8F", "bellhop bell", 4, 1, ""},
    {"\xF0\x9F\xA7\xB3", "luggage", 4, 0, ""},
    {"\xE2\x8C\x9B", "hourglass done", 4, 0, ""},
    {"\xE2\x8F\xB3", "hourglass not done", 4, 0, ""},
    {"\xE2\x8C\x9A", "watch", 4, 0, ""},
    {"\xE2\x8F\xB0", "alarm clock", 4, 0, ""},
    {"\xE2\x8F\xB1\xEF\xB8\x8F", "stopwatch", 4, 1, ""},
    {"\xE2\x8F\xB2\xEF\xB8\x8F", "timer clock", 4, 1, ""},
    {"\xF0\x9F\x95\xB0\xEF\xB8\x8F", "mantelpiece clock", 4, 1, ""},
    {"\xF0\x9F\x95\x9B", "clock face twelve oclock", 4, 0, ""},
    {"\xF0\x9F\x95\xA7", "clock face twelve-thirty", 4, 0, ""},
    {"\xF0\x9F\x95\x90", "clock face one oclock", 4, 0, ""},
    {"\xF0\x9F\x95\x9C", "clock face one-thirty", 4, 0, ""},
    {"\xF0\x9F\x95\x91", "clock face two oclock", 4, 0, ""},
    {"\xF0\x9F\x95\x9D", "clock face two-thirty", 4, 0, ""},
    {"\xF0\x9F\x95\x92", "clock face three oclock", 4, 0, ""},
    {"\xF0\x9F\x95\x9E", "clock face three-thirty", 4, 0, ""},
    {"\xF0\x9F\x95\x93", "clock face four oclock", 4, 0, ""},
    {"\xF0\x9F\x95\x9F", "clock face four-thirty", 4, 0, ""},
    {"\xF0\x9F\x95\x94", "clock face five oclock", 4, 0, ""},
    {"\xF0\x9F\x95\xA0", "clock face five-thirty", 4, 0, ""},
    {"\xF0\x9F\x95\x95", "clock face six oclock", 4, 0, ""},
    {"\xF0\x9F\x95\xA1", "clock face six-thirty", 4, 0, ""},
    {"\xF0\x9F\x95\x96", "clock face seven oclock", 4, 0, ""},
    {"\xF0\x9F\x95\xA2", "clock face seven-thirty", 4, 0, ""},
    {"\xF0\x9F\x95\x97", "clock face eight oclock", 4, 0, ""},
    {"\xF0\x9F\x95\xA3", "clock face eight-thirty", 4, 0, ""},
    {"\xF0\x9F\x95\x98", "clock face nine oclock", 4, 0, ""},
    {"\xF0\x9F\x95\xA4", "clock face nine-thirty", 4, 0, ""},
    {"\xF0\x9F\x95\x99", "clock face ten oclock", 4, 0, ""},
    {"\xF0\x9F\x95\xA5", "clock face ten-thirty", 4, 0, ""},
    {"\xF0\x9F\x95\x9A", "clock face eleven oclock", 4, 0, ""},
    {"\xF0\x9F\x95\xA6", "clock face eleven-thirty", 4, 0, ""},
    {"\xF0\x9F\x8C\x91", "new moon symbol", 4, 0, ""},
    {"\xF0\x9F\x8C\x92", "waxing crescent moon symbol", 4, 0, ""},
    {"\xF0\x9F\x8C\x93", "first quarter moon symbol", 4, 0, ""},
    {"\xF0\x9F\x8C\x94", "waxing gibbous moon symbol", 4, 0, ""},
    {"\xF0\x9F\x8C\x95", "full moon symbol", 4, 0, ""},
    {"\xF0\x9F\x8C\x96", "waning gibbous moon symbol", 4, 0, ""},
    {"\xF0\x9F\x8C\x97", "last quarter moon symbol", 4, 0, ""},
    {"\xF0\x9F\x8C\x98", "waning crescent moon symbol", 4, 0, ""},
    {"\xF0\x9F\x8C\x99", "crescent moon", 4, 0, "moon night"},
    {"\xF0\x9F\x8C\x9A", "new moon face", 4, 0, ""},
    {"\xF0\x9F\x8C\x9B", "first quarter moon face", 4, 0, ""},
    {"\xF0\x9F\x8C\x9C", "last quarter moon face", 4, 0, ""},
    {"\xF0\x9F\x8C\xA1\xEF\xB8\x8F", "thermometer", 4, 1, ""},
    {"\xE2\x98\x80\xEF\xB8\x8F", "sun", 4, 1, "sun sunny"},
    {"\xF0\x9F\x8C\x9D", "full moon face", 4, 0, ""},
    {"\xF0\x9F\x8C\x9E", "sun with face", 4, 0, ""},
    {"\xF0\x9F\xAA\x90", "ringed planet", 4, 0, ""},
    {"\xE2\xAD\x90", "star", 4, 0, "star"},
    {"\xF0\x9F\x8C\x9F", "glowing star", 4, 0, "star glowing"},
    {"\xF0\x9F\x8C\xA0", "shooting star", 4, 0, ""},
    {"\xF0\x9F\x8C\x8C", "milky way", 4, 0, ""},
    {"\xE2\x98\x81\xEF\xB8\x8F", "cloud", 4, 1, ""},
    {"\xE2\x9B\x85", "sun behind cloud", 4, 0, ""},
    {"\xE2\x9B\x88\xEF\xB8\x8F", "cloud with lightning and rain", 4, 1, ""},
    {"\xF0\x9F\x8C\xA4\xEF\xB8\x8F", "sun behind small cloud", 4, 1, ""},
    {"\xF0\x9F\x8C\xA5\xEF\xB8\x8F", "sun behind large cloud", 4, 1, ""},
    {"\xF0\x9F\x8C\xA6\xEF\xB8\x8F", "sun behind rain cloud", 4, 1, ""},
    {"\xF0\x9F\x8C\xA7\xEF\xB8\x8F", "cloud with rain", 4, 1, ""},
    {"\xF0\x9F\x8C\xA8\xEF\xB8\x8F", "cloud with snow", 4, 1, ""},
    {"\xF0\x9F\x8C\xA9\xEF\xB8\x8F", "cloud with lightning", 4, 1, ""},
    {"\xF0\x9F\x8C\xAA\xEF\xB8\x8F", "tornado", 4, 1, ""},
    {"\xF0\x9F\x8C\xAB\xEF\xB8\x8F", "fog", 4, 1, ""},
    {"\xF0\x9F\x8C\xAC\xEF\xB8\x8F", "wind face", 4, 1, ""},
    {"\xF0\x9F\x8C\x80", "cyclone", 4, 0, ""},
    {"\xF0\x9F\x8C\x88", "rainbow", 4, 0, "rainbow"},
    {"\xF0\x9F\x8C\x82", "closed umbrella", 4, 0, ""},
    {"\xE2\x98\x82\xEF\xB8\x8F", "umbrella", 4, 1, ""},
    {"\xE2\x98\x94", "umbrella with rain drops", 4, 0, ""},
    {"\xE2\x9B\xB1\xEF\xB8\x8F", "umbrella on ground", 4, 1, ""},
    {"\xE2\x9A\xA1", "high voltage", 4, 0, "zap lightning"},
    {"\xE2\x9D\x84\xEF\xB8\x8F", "snowflake", 4, 1, "snow cold"},
    {"\xE2\x98\x83\xEF\xB8\x8F", "snowman", 4, 1, ""},
    {"\xE2\x9B\x84", "snowman without snow", 4, 0, ""},
    {"\xE2\x98\x84\xEF\xB8\x8F", "comet", 4, 1, ""},
    {"\xF0\x9F\x94\xA5", "fire", 4, 0, "fire lit hot flame"},
    {"\xF0\x9F\x92\xA7", "droplet", 4, 0, "droplet water"},
    {"\xF0\x9F\x8C\x8A", "water wave", 4, 0, "ocean wave water"},
    {"\xF0\x9F\x91\x93", "glasses", 5, 0, ""},
    {"\xF0\x9F\x95\xB6\xEF\xB8\x8F", "sunglasses", 5, 1, ""},
    {"\xF0\x9F\xA5\xBD", "goggles", 5, 0, ""},
    {"\xF0\x9F\xA5\xBC", "lab coat", 5, 0, ""},
    {"\xF0\x9F\xA6\xBA", "safety vest", 5, 0, ""},
    {"\xF0\x9F\x91\x94", "necktie", 5, 0, ""},
    {"\xF0\x9F\x91\x95", "t-shirt", 5, 0, ""},
    {"\xF0\x9F\x91\x96", "jeans", 5, 0, ""},
    {"\xF0\x9F\xA7\xA3", "scarf", 5, 0, ""},
    {"\xF0\x9F\xA7\xA4", "gloves", 5, 0, ""},
    {"\xF0\x9F\xA7\xA5", "coat", 5, 0, ""},
    {"\xF0\x9F\xA7\xA6", "socks", 5, 0, ""},
    {"\xF0\x9F\x91\x97", "dress", 5, 0, ""},
    {"\xF0\x9F\x91\x98", "kimono", 5, 0, ""},
    {"\xF0\x9F\xA5\xBB", "sari", 5, 0, ""},
    {"\xF0\x9F\xA9\xB1", "one-piece swimsuit", 5, 0, ""},
    {"\xF0\x9F\xA9\xB2", "briefs", 5, 0, ""},
    {"\xF0\x9F\xA9\xB3", "shorts", 5, 0, ""},
    {"\xF0\x9F\x91\x99", "bikini", 5, 0, ""},
    {"\xF0\x9F\x91\x9A", "woman\xE2\x80\x99" "s clothes", 5, 0, ""},
    {"\xF0\x9F\xAA\xAD", "folding hand fan", 5, 0, ""},
    {"\xF0\x9F\x91\x9B", "purse", 5, 0, ""},
    {"\xF0\x9F\x91\x9C", "handbag", 5, 0, ""},
    {"\xF0\x9F\x91\x9D", "clutch bag", 5, 0, ""},
    {"\xF0\x9F\x9B\x8D\xEF\xB8\x8F", "shopping bags", 5, 1, ""},
    {"\xF0\x9F\x8E\x92", "backpack", 5, 0, ""},
    {"\xF0\x9F\xA9\xB4", "thong sandal", 5, 0, ""},
    {"\xF0\x9F\x91\x9E", "man\xE2\x80\x99" "s shoe", 5, 0, ""},
    {"\xF0\x9F\x91\x9F", "running shoe", 5, 0, ""},
    {"\xF0\x9F\xA5\xBE", "hiking boot", 5, 0, ""},
    {"\xF0\x9F\xA5\xBF", "flat shoe", 5, 0, ""},
    {"\xF0\x9F\x91\xA0", "high-heeled shoe", 5, 0, ""},
    {"\xF0\x9F\x91\xA1", "woman\xE2\x80\x99" "s sandal", 5, 0, ""},
    {"\xF0\x9F\xA9\xB0", "ballet shoes", 5, 0, ""},
    {"\xF0\x9F\x91\xA2", "woman\xE2\x80\x99" "s boot", 5, 0, ""},
    {"\xF0\x9F\xAA\xAE", "hair pick", 5, 0, ""},
    {"\xF0\x9F\x91\x91", "crown", 5, 0, "crown king queen"},
    {"\xF0\x9F\x91\x92", "woman\xE2\x80\x99" "s hat", 5, 0, ""},
    {"\xF0\x9F\x8E\xA9", "top hat", 5, 0, ""},
    {"\xF0\x9F\x8E\x93", "graduation cap", 5, 0, ""},
    {"\xF0\x9F\xA7\xA2", "billed cap", 5, 0, ""},
    {"\xF0\x9F\xAA\x96", "military helmet", 5, 0, ""},
    {"\xE2\x9B\x91\xEF\xB8\x8F", "rescue worker\xE2\x80\x99" "s helmet", 5, 1, ""},
    {"\xF0\x9F\x93\xBF", "prayer beads", 5, 0, ""},
    {"\xF0\x9F\x92\x84", "lipstick", 5, 0, ""},
    {"\xF0\x9F\x92\x8D", "ring", 5, 0, "ring"},
    {"\xF0\x9F\x92\x8E", "gem stone", 5, 0, "gem diamond"},
    {"\xF0\x9F\x94\x87", "muted speaker", 5, 0, "mute silent"},
    {"\xF0\x9F\x94\x88", "speaker low volume", 5, 0, ""},
    {"\xF0\x9F\x94\x89", "speaker medium volume", 5, 0, ""},
    {"\xF0\x9F\x94\x8A", "speaker high volume", 5, 0, "speaker loud volume"},
    {"\xF0\x9F\x93\xA2", "loudspeaker", 5, 0, ""},
    {"\xF0\x9F\x93\xA3", "megaphone", 5, 0, ""},
    {"\xF0\x9F\x93\xAF", "postal horn", 5, 0, ""},
    {"\xF0\x9F\x94\x94", "bell", 5, 0, "bell notification"},
    {"\xF0\x9F\x94\x95", "bell with slash", 5, 0, ""},
    {"\xF0\x9F\x8E\xBC", "musical score", 5, 0, ""},
    {"\xF0\x9F\x8E\xB5", "musical note", 5, 0, "music note"},
    {"\xF0\x9F\x8E\xB6", "musical notes", 5, 0, "music notes"},
    {"\xF0\x9F\x8E\x99\xEF\xB8\x8F", "studio microphone", 5, 1, ""},
    {"\xF0\x9F\x8E\x9A\xEF\xB8\x8F", "level slider", 5, 1, ""},
    {"\xF0\x9F\x8E\x9B\xEF\xB8\x8F", "control knobs", 5, 1, ""},
    {"\xF0\x9F\x8E\xA4", "microphone", 5, 0, "mic microphone sing"},
    {"\xF0\x9F\x8E\xA7", "headphone", 5, 0, "headphones music"},
    {"\xF0\x9F\x93\xBB", "radio", 5, 0, ""},
    {"\xF0\x9F\x8E\xB7", "saxophone", 5, 0, ""},
    {"\xF0\x9F\xAA\x97", "accordion", 5, 0, ""},
    {"\xF0\x9F\x8E\xB8", "guitar", 5, 0, "guitar music"},
    {"\xF0\x9F\x8E\xB9", "musical keyboard", 5, 0, ""},
    {"\xF0\x9F\x8E\xBA", "trumpet", 5, 0, ""},
    {"\xF0\x9F\x8E\xBB", "violin", 5, 0, ""},
    {"\xF0\x9F\xAA\x95", "banjo", 5, 0, ""},
    {"\xF0\x9F\xA5\x81", "drum", 5, 0, ""},
    {"\xF0\x9F\xAA\x98", "long drum", 5, 0, ""},
    {"\xF0\x9F\xAA\x87", "maracas", 5, 0, ""},
    {"\xF0\x9F\xAA\x88", "flute", 5, 0, ""},
    {"\xF0\x9F\xAA\x89", "harp", 5, 0, ""},
    {"\xF0\x9F\x93\xB1", "mobile phone", 5, 0, "phone mobile"},
    {"\xF0\x9F\x93\xB2", "mobile phone with arrow", 5, 0, ""},
    {"\xE2\x98\x8E\xEF\xB8\x8F", "telephone", 5, 1, ""},
    {"\xF0\x9F\x93\x9E", "telephone receiver", 5, 0, "phone call"},
    {"\xF0\x9F\x93\x9F", "pager", 5, 0, ""},
    {"\xF0\x9F\x93\xA0", "fax machine", 5, 0, ""},
    {"\xF0\x9F\x94\x8B", "battery", 5, 0, ""},
    {"\xF0\x9F\xAA\xAB", "low battery", 5, 0, ""},
    {"\xF0\x9F\x94\x8C", "electric plug", 5, 0, ""},
    {"\xF0\x9F\x92\xBB", "laptop", 5, 0, "computer laptop pc"},
    {"\xF0\x9F\x96\xA5\xEF\xB8\x8F", "desktop computer", 5, 1, "desktop computer pc"},
    {"\xF0\x9F\x96\xA8\xEF\xB8\x8F", "printer", 5, 1, ""},
    {"\xE2\x8C\xA8\xEF\xB8\x8F", "keyboard", 5, 1, "keyboard"},
    {"\xF0\x9F\x96\xB1\xEF\xB8\x8F", "computer mouse", 5, 1, "mouse"},
    {"\xF0\x9F\x96\xB2\xEF\xB8\x8F", "trackball", 5, 1, ""},
    {"\xF0\x9F\x92\xBD", "computer disk", 5, 0, ""},
    {"\xF0\x9F\x92\xBE", "floppy disk", 5, 0, ""},
    {"\xF0\x9F\x92\xBF", "optical disk", 5, 0, ""},
    {"\xF0\x9F\x93\x80", "dvd", 5, 0, ""},
    {"\xF0\x9F\xA7\xAE", "abacus", 5, 0, ""},
    {"\xF0\x9F\x8E\xA5", "movie camera", 5, 0, ""},
    {"\xF0\x9F\x8E\x9E\xEF\xB8\x8F", "film frames", 5, 1, ""},
    {"\xF0\x9F\x93\xBD\xEF\xB8\x8F", "film projector", 5, 1, ""},
    {"\xF0\x9F\x8E\xAC", "clapper board", 5, 0, ""},
    {"\xF0\x9F\x93\xBA", "television", 5, 0, ""},
    {"\xF0\x9F\x93\xB7", "camera", 5, 0, ""},
    {"\xF0\x9F\x93\xB8", "camera with flash", 5, 0, ""},
    {"\xF0\x9F\x93\xB9", "video camera", 5, 0, ""},
    {"\xF0\x9F\x93\xBC", "videocassette", 5, 0, ""},
    {"\xF0\x9F\x94\x8D", "magnifying glass tilted left", 5, 0, ""},
    {"\xF0\x9F\x94\x8E", "magnifying glass tilted right", 5, 0, ""},
    {"\xF0\x9F\x95\xAF\xEF\xB8\x8F", "candle", 5, 1, ""},
    {"\xF0\x9F\x92\xA1", "light bulb", 5, 0, "bulb idea"},
    {"\xF0\x9F\x94\xA6", "flashlight", 5, 0, ""},
    {"\xF0\x9F\x8F\xAE", "red paper lantern", 5, 0, ""},
    {"\xF0\x9F\xAA\x94", "diya lamp", 5, 0, ""},
    {"\xF0\x9F\x93\x94", "notebook with decorative cover", 5, 0, ""},
    {"\xF0\x9F\x93\x95", "closed book", 5, 0, ""},
    {"\xF0\x9F\x93\x96", "open book", 5, 0, ""},
    {"\xF0\x9F\x93\x97", "green book", 5, 0, ""},
    {"\xF0\x9F\x93\x98", "blue book", 5, 0, ""},
    {"\xF0\x9F\x93\x99", "orange book", 5, 0, ""},
    {"\xF0\x9F\x93\x9A", "books", 5, 0, ""},
    {"\xF0\x9F\x93\x93", "notebook", 5, 0, ""},
    {"\xF0\x9F\x93\x92", "ledger", 5, 0, ""},
    {"\xF0\x9F\x93\x83", "page with curl", 5, 0, ""},
    {"\xF0\x9F\x93\x9C", "scroll", 5, 0, ""},
    {"\xF0\x9F\x93\x84", "page facing up", 5, 0, ""},
    {"\xF0\x9F\x93\xB0", "newspaper", 5, 0, ""},
    {"\xF0\x9F\x97\x9E\xEF\xB8\x8F", "rolled-up newspaper", 5, 1, ""},
    {"\xF0\x9F\x93\x91", "bookmark tabs", 5, 0, ""},
    {"\xF0\x9F\x94\x96", "bookmark", 5, 0, ""},
    {"\xF0\x9F\x8F\xB7\xEF\xB8\x8F", "label", 5, 1, ""},
    {"\xF0\x9F\x92\xB0", "money bag", 5, 0, "money_bag money"},
    {"\xF0\x9F\xAA\x99", "coin", 5, 0, ""},
    {"\xF0\x9F\x92\xB4", "yen banknote", 5, 0, ""},
    {"\xF0\x9F\x92\xB5", "dollar banknote", 5, 0, "dollar money"},
    {"\xF0\x9F\x92\xB6", "euro banknote", 5, 0, ""},
    {"\xF0\x9F\x92\xB7", "pound banknote", 5, 0, ""},
    {"\xF0\x9F\x92\xB8", "money with wings", 5, 0, "money_wings money spend"},
    {"\xF0\x9F\x92\xB3", "credit card", 5, 0, ""},
    {"\xF0\x9F\xA7\xBE", "receipt", 5, 0, ""},
    {"\xF0\x9F\x92\xB9", "chart increasing with yen", 5, 0, ""},
    {"\xE2\x9C\x89\xEF\xB8\x8F", "envelope", 5, 1, ""},
    {"\xF0\x9F\x93\xA7", "e-mail", 5, 0, ""},
    {"\xF0\x9F\x93\xA8", "incoming envelope", 5, 0, ""},
    {"\xF0\x9F\x93\xA9", "envelope with arrow", 5, 0, ""},
    {"\xF0\x9F\x93\xA4", "outbox tray", 5, 0, ""},
    {"\xF0\x9F\x93\xA5", "inbox tray", 5, 0, ""},
    {"\xF0\x9F\x93\xA6", "package", 5, 0, ""},
    {"\xF0\x9F\x93\xAB", "closed mailbox with raised flag", 5, 0, ""},
    {"\xF0\x9F\x93\xAA", "closed mailbox with lowered flag", 5, 0, ""},
    {"\xF0\x9F\x93\xAC", "open mailbox with raised flag", 5, 0, ""},
    {"\xF0\x9F\x93\xAD", "open mailbox with lowered flag", 5, 0, ""},
    {"\xF0\x9F\x93\xAE", "postbox", 5, 0, ""},
    {"\xF0\x9F\x97\xB3\xEF\xB8\x8F", "ballot box with ballot", 5, 1, ""},
    {"\xE2\x9C\x8F\xEF\xB8\x8F", "pencil", 5, 1, ""},
    {"\xE2\x9C\x92\xEF\xB8\x8F", "black nib", 5, 1, ""},
    {"\xF0\x9F\x96\x8B\xEF\xB8\x8F", "fountain pen", 5, 1, ""},
    {"\xF0\x9F\x96\x8A\xEF\xB8\x8F", "pen", 5, 1, ""},
    {"\xF0\x9F\x96\x8C\xEF\xB8\x8F", "paintbrush", 5, 1, ""},
    {"\xF0\x9F\x96\x8D\xEF\xB8\x8F", "crayon", 5, 1, ""},
    {"\xF0\x9F\x93\x9D", "memo", 5, 0, ""},
    {"\xF0\x9F\x92\xBC", "briefcase", 5, 0, ""},
    {"\xF0\x9F\x93\x81", "file folder", 5, 0, ""},
    {"\xF0\x9F\x93\x82", "open file folder", 5, 0, ""},
    {"\xF0\x9F\x97\x82\xEF\xB8\x8F", "card index dividers", 5, 1, ""},
    {"\xF0\x9F\x93\x85", "calendar", 5, 0, ""},
    {"\xF0\x9F\x93\x86", "tear-off calendar", 5, 0, ""},
    {"\xF0\x9F\x97\x92\xEF\xB8\x8F", "spiral notepad", 5, 1, ""},
    {"\xF0\x9F\x97\x93\xEF\xB8\x8F", "spiral calendar", 5, 1, ""},
    {"\xF0\x9F\x93\x87", "card index", 5, 0, ""},
    {"\xF0\x9F\x93\x88", "chart increasing", 5, 0, ""},
    {"\xF0\x9F\x93\x89", "chart decreasing", 5, 0, ""},
    {"\xF0\x9F\x93\x8A", "bar chart", 5, 0, ""},
    {"\xF0\x9F\x93\x8B", "clipboard", 5, 0, ""},
    {"\xF0\x9F\x93\x8C", "pushpin", 5, 0, "pin pushpin"},
    {"\xF0\x9F\x93\x8D", "round pushpin", 5, 0, ""},
    {"\xF0\x9F\x93\x8E", "paperclip", 5, 0, "paperclip"},
    {"\xF0\x9F\x96\x87\xEF\xB8\x8F", "linked paperclips", 5, 1, ""},
    {"\xF0\x9F\x93\x8F", "straight ruler", 5, 0, ""},
    {"\xF0\x9F\x93\x90", "triangular ruler", 5, 0, ""},
    {"\xE2\x9C\x82\xEF\xB8\x8F", "scissors", 5, 1, ""},
    {"\xF0\x9F\x97\x83\xEF\xB8\x8F", "card file box", 5, 1, ""},
    {"\xF0\x9F\x97\x84\xEF\xB8\x8F", "file cabinet", 5, 1, ""},
    {"\xF0\x9F\x97\x91\xEF\xB8\x8F", "wastebasket", 5, 1, ""},
    {"\xF0\x9F\x94\x92", "locked", 5, 0, "lock locked"},
    {"\xF0\x9F\x94\x93", "unlocked", 5, 0, ""},
    {"\xF0\x9F\x94\x8F", "locked with pen", 5, 0, ""},
    {"\xF0\x9F\x94\x90", "locked with key", 5, 0, ""},
    {"\xF0\x9F\x94\x91", "key", 5, 0, "key"},
    {"\xF0\x9F\x97\x9D\xEF\xB8\x8F", "old key", 5, 1, ""},
    {"\xF0\x9F\x94\xA8", "hammer", 5, 0, "hammer"},
    {"\xF0\x9F\xAA\x93", "axe", 5, 0, ""},
    {"\xE2\x9B\x8F\xEF\xB8\x8F", "pick", 5, 1, ""},
    {"\xE2\x9A\x92\xEF\xB8\x8F", "hammer and pick", 5, 1, ""},
    {"\xF0\x9F\x9B\xA0\xEF\xB8\x8F", "hammer and wrench", 5, 1, "tools"},
    {"\xF0\x9F\x97\xA1\xEF\xB8\x8F", "dagger", 5, 1, ""},
    {"\xE2\x9A\x94\xEF\xB8\x8F", "crossed swords", 5, 1, ""},
    {"\xF0\x9F\x92\xA3", "bomb", 5, 0, "bomb"},
    {"\xF0\x9F\xAA\x83", "boomerang", 5, 0, ""},
    {"\xF0\x9F\x8F\xB9", "bow and arrow", 5, 0, ""},
    {"\xF0\x9F\x9B\xA1\xEF\xB8\x8F", "shield", 5, 1, ""},
    {"\xF0\x9F\xAA\x9A", "carpentry saw", 5, 0, ""},
    {"\xF0\x9F\x94\xA7", "wrench", 5, 0, ""},
    {"\xF0\x9F\xAA\x9B", "screwdriver", 5, 0, ""},
    {"\xF0\x9F\x94\xA9", "nut and bolt", 5, 0, ""},
    {"\xE2\x9A\x99\xEF\xB8\x8F", "gear", 5, 1, "gear settings"},
    {"\xF0\x9F\x97\x9C\xEF\xB8\x8F", "clamp", 5, 1, ""},
    {"\xE2\x9A\x96\xEF\xB8\x8F", "balance scale", 5, 1, ""},
    {"\xF0\x9F\xA6\xAF", "white cane", 5, 0, ""},
    {"\xF0\x9F\x94\x97", "link", 5, 0, ""},
    {"\xE2\x9B\x93\xEF\xB8\x8F\xE2\x80\x8D\xF0\x9F\x92\xA5", "broken chain", 5, 0, ""},
    {"\xE2\x9B\x93\xEF\xB8\x8F", "chains", 5, 1, ""},
    {"\xF0\x9F\xAA\x9D", "hook", 5, 0, ""},
    {"\xF0\x9F\xA7\xB0", "toolbox", 5, 0, ""},
    {"\xF0\x9F\xA7\xB2", "magnet", 5, 0, ""},
    {"\xF0\x9F\xAA\x9C", "ladder", 5, 0, ""},
    {"\xF0\x9F\xAA\x8F", "shovel", 5, 0, ""},
    {"\xE2\x9A\x97\xEF\xB8\x8F", "alembic", 5, 1, ""},
    {"\xF0\x9F\xA7\xAA", "test tube", 5, 0, ""},
    {"\xF0\x9F\xA7\xAB", "petri dish", 5, 0, ""},
    {"\xF0\x9F\xA7\xAC", "dna", 5, 0, ""},
    {"\xF0\x9F\x94\xAC", "microscope", 5, 0, ""},
    {"\xF0\x9F\x94\xAD", "telescope", 5, 0, ""},
    {"\xF0\x9F\x93\xA1", "satellite antenna", 5, 0, ""},
    {"\xF0\x9F\x92\x89", "syringe", 5, 0, "syringe vaccine"},
    {"\xF0\x9F\xA9\xB8", "drop of blood", 5, 0, "blood"},
    {"\xF0\x9F\x92\x8A", "pill", 5, 0, "pill medicine"},
    {"\xF0\x9F\xA9\xB9", "adhesive bandage", 5, 0, ""},
    {"\xF0\x9F\xA9\xBC", "crutch", 5, 0, ""},
    {"\xF0\x9F\xA9\xBA", "stethoscope", 5, 0, ""},
    {"\xF0\x9F\xA9\xBB", "x-ray", 5, 0, ""},
    {"\xF0\x9F\x9A\xAA", "door", 5, 0, ""},
    {"\xF0\x9F\x9B\x97", "elevator", 5, 0, ""},
    {"\xF0\x9F\xAA\x9E", "mirror", 5, 0, ""},
    {"\xF0\x9F\xAA\x9F", "window", 5, 0, ""},
    {"\xF0\x9F\x9B\x8F\xEF\xB8\x8F", "bed", 5, 1, ""},
    {"\xF0\x9F\x9B\x8B\xEF\xB8\x8F", "couch and lamp", 5, 1, ""},
    {"\xF0\x9F\xAA\x91", "chair", 5, 0, ""},
    {"\xF0\x9F\x9A\xBD", "toilet", 5, 0, ""},
    {"\xF0\x9F\xAA\xA0", "plunger", 5, 0, ""},
    {"\xF0\x9F\x9A\xBF", "shower", 5, 0, ""},
    {"\xF0\x9F\x9B\x81", "bathtub", 5, 0, ""},
    {"\xF0\x9F\xAA\xA4", "mouse trap", 5, 0, ""},
    {"\xF0\x9F\xAA\x92", "razor", 5, 0, ""},
    {"\xF0\x9F\xA7\xB4", "lotion bottle", 5, 0, ""},
    {"\xF0\x9F\xA7\xB7", "safety pin", 5, 0, ""},
    {"\xF0\x9F\xA7\xB9", "broom", 5, 0, ""},
    {"\xF0\x9F\xA7\xBA", "basket", 5, 0, ""},
    {"\xF0\x9F\xA7\xBB", "roll of paper", 5, 0, ""},
    {"\xF0\x9F\xAA\xA3", "bucket", 5, 0, ""},
    {"\xF0\x9F\xA7\xBC", "soap", 5, 0, ""},
    {"\xF0\x9F\xAB\xA7", "bubbles", 5, 0, ""},
    {"\xF0\x9F\xAA\xA5", "toothbrush", 5, 0, ""},
    {"\xF0\x9F\xA7\xBD", "sponge", 5, 0, ""},
    {"\xF0\x9F\xA7\xAF", "fire extinguisher", 5, 0, ""},
    {"\xF0\x9F\x9B\x92", "shopping cart", 5, 0, ""},
    {"\xF0\x9F\x9A\xAC", "cigarette", 5, 0, "smoking cigarette"},
    {"\xE2\x9A\xB0\xEF\xB8\x8F", "coffin", 5, 1, "coffin dead"},
    {"\xF0\x9F\xAA\xA6", "headstone", 5, 0, "rip grave headstone"},
    {"\xE2\x9A\xB1\xEF\xB8\x8F", "funeral urn", 5, 1, ""},
    {"\xF0\x9F\xA7\xBF", "nazar amulet", 5, 0, ""},
    {"\xF0\x9F\xAA\xAC", "hamsa", 5, 0, ""},
    {"\xF0\x9F\x97\xBF", "moai", 5, 0, "moai stone"},
    {"\xF0\x9F\xAA\xA7", "placard", 5, 0, ""},
    {"\xF0\x9F\xAA\xAA", "identification card", 5, 0, ""},
    {"\xF0\x9F\x8F\xA7", "ATM sign", 6, 0, ""},
    {"\xF0\x9F\x9A\xAE", "litter in bin sign", 6, 0, ""},
    {"\xF0\x9F\x9A\xB0", "potable water", 6, 0, ""},
    {"\xE2\x99\xBF", "wheelchair symbol", 6, 0, ""},
    {"\xF0\x9F\x9A\xB9", "men\xE2\x80\x99" "s room", 6, 0, ""},
    {"\xF0\x9F\x9A\xBA", "women\xE2\x80\x99" "s room", 6, 0, ""},
    {"\xF0\x9F\x9A\xBB", "restroom", 6, 0, ""},
    {"\xF0\x9F\x9A\xBC", "baby symbol", 6, 0, ""},
    {"\xF0\x9F\x9A\xBE", "water closet", 6, 0, ""},
    {"\xF0\x9F\x9B\x82", "passport control", 6, 0, ""},
    {"\xF0\x9F\x9B\x83", "customs", 6, 0, ""},
    {"\xF0\x9F\x9B\x84", "baggage claim", 6, 0, ""},
    {"\xF0\x9F\x9B\x85", "left luggage", 6, 0, ""},
    {"\xE2\x9A\xA0\xEF\xB8\x8F", "warning", 6, 1, "warning"},
    {"\xF0\x9F\x9A\xB8", "children crossing", 6, 0, ""},
    {"\xE2\x9B\x94", "no entry", 6, 0, ""},
    {"\xF0\x9F\x9A\xAB", "prohibited", 6, 0, ""},
    {"\xF0\x9F\x9A\xB3", "no bicycles", 6, 0, ""},
    {"\xF0\x9F\x9A\xAD", "no smoking", 6, 0, ""},
    {"\xF0\x9F\x9A\xAF", "no littering", 6, 0, ""},
    {"\xF0\x9F\x9A\xB1", "non-potable water", 6, 0, ""},
    {"\xF0\x9F\x9A\xB7", "no pedestrians", 6, 0, ""},
    {"\xF0\x9F\x93\xB5", "no mobile phones", 6, 0, ""},
    {"\xF0\x9F\x94\x9E", "no one under eighteen", 6, 0, ""},
    {"\xE2\x98\xA2\xEF\xB8\x8F", "radioactive", 6, 1, ""},
    {"\xE2\x98\xA3\xEF\xB8\x8F", "biohazard", 6, 1, ""},
    {"\xE2\xAC\x86\xEF\xB8\x8F", "up arrow", 6, 1, ""},
    {"\xE2\x86\x97\xEF\xB8\x8F", "up-right arrow", 6, 1, ""},
    {"\xE2\x9E\xA1\xEF\xB8\x8F", "right arrow", 6, 1, ""},
    {"\xE2\x86\x98\xEF\xB8\x8F", "down-right arrow", 6, 1, ""},
    {"\xE2\xAC\x87\xEF\xB8\x8F", "down arrow", 6, 1, ""},
    {"\xE2\x86\x99\xEF\xB8\x8F", "down-left arrow", 6, 1, ""},
    {"\xE2\xAC\x85\xEF\xB8\x8F", "left arrow", 6, 1, ""},
    {"\xE2\x86\x96\xEF\xB8\x8F", "up-left arrow", 6, 1, ""},
    {"\xE2\x86\x95\xEF\xB8\x8F", "up-down arrow", 6, 1, ""},
    {"\xE2\x86\x94\xEF\xB8\x8F", "left-right arrow", 6, 1, ""},
    {"\xE2\x86\xA9\xEF\xB8\x8F", "right arrow curving left", 6, 1, ""},
    {"\xE2\x86\xAA\xEF\xB8\x8F", "left arrow curving right", 6, 1, ""},
    {"\xE2\xA4\xB4\xEF\xB8\x8F", "right arrow curving up", 6, 1, ""},
    {"\xE2\xA4\xB5\xEF\xB8\x8F", "right arrow curving down", 6, 1, ""},
    {"\xF0\x9F\x94\x83", "clockwise vertical arrows", 6, 0, ""},
    {"\xF0\x9F\x94\x84", "counterclockwise arrows button", 6, 0, ""},
    {"\xF0\x9F\x94\x99", "BACK arrow", 6, 0, ""},
    {"\xF0\x9F\x94\x9A", "END arrow", 6, 0, ""},
    {"\xF0\x9F\x94\x9B", "ON! arrow", 6, 0, ""},
    {"\xF0\x9F\x94\x9C", "SOON arrow", 6, 0, ""},
    {"\xF0\x9F\x94\x9D", "TOP arrow", 6, 0, ""},
    {"\xF0\x9F\x9B\x90", "place of worship", 6, 0, ""},
    {"\xE2\x9A\x9B\xEF\xB8\x8F", "atom symbol", 6, 1, ""},
    {"\xF0\x9F\x95\x89\xEF\xB8\x8F", "om", 6, 1, ""},
    {"\xE2\x9C\xA1\xEF\xB8\x8F", "star of David", 6, 1, ""},
    {"\xE2\x98\xB8\xEF\xB8\x8F", "wheel of dharma", 6, 1, ""},
    {"\xE2\x98\xAF\xEF\xB8\x8F", "yin yang", 6, 1, ""},
    {"\xE2\x9C\x9D\xEF\xB8\x8F", "latin cross", 6, 1, ""},
    {"\xE2\x98\xA6\xEF\xB8\x8F", "orthodox cross", 6, 1, ""},
    {"\xE2\x98\xAA\xEF\xB8\x8F", "star and crescent", 6, 1, ""},
    {"\xE2\x98\xAE\xEF\xB8\x8F", "peace symbol", 6, 1, ""},
    {"\xF0\x9F\x95\x8E", "menorah", 6, 0, ""},
    {"\xF0\x9F\x94\xAF", "dotted six-pointed star", 6, 0, ""},
    {"\xF0\x9F\xAA\xAF", "khanda", 6, 0, ""},
    {"\xE2\x99\x88", "Aries", 6, 0, ""},
    {"\xE2\x99\x89", "Taurus", 6, 0, ""},
    {"\xE2\x99\x8A", "Gemini", 6, 0, ""},
    {"\xE2\x99\x8B", "Cancer", 6, 0, ""},
    {"\xE2\x99\x8C", "Leo", 6, 0, ""},
    {"\xE2\x99\x8D", "Virgo", 6, 0, ""},
    {"\xE2\x99\x8E", "Libra", 6, 0, ""},
    {"\xE2\x99\x8F", "Scorpio", 6, 0, ""},
    {"\xE2\x99\x90", "Sagittarius", 6, 0, ""},
    {"\xE2\x99\x91", "Capricorn", 6, 0, ""},
    {"\xE2\x99\x92", "Aquarius", 6, 0, ""},
    {"\xE2\x99\x93", "Pisces", 6, 0, ""},
    {"\xE2\x9B\x8E", "Ophiuchus", 6, 0, ""},
    {"\xF0\x9F\x94\x80", "shuffle tracks button", 6, 0, ""},
    {"\xF0\x9F\x94\x81", "repeat button", 6, 0, ""},
    {"\xF0\x9F\x94\x82", "repeat single button", 6, 0, ""},
    {"\xE2\x96\xB6\xEF\xB8\x8F", "play button", 6, 1, ""},
    {"\xE2\x8F\xA9", "fast-forward button", 6, 0, ""},
    {"\xE2\x8F\xAD\xEF\xB8\x8F", "next track button", 6, 1, ""},
    {"\xE2\x8F\xAF\xEF\xB8\x8F", "play or pause button", 6, 1, ""},
    {"\xE2\x97\x80\xEF\xB8\x8F", "reverse button", 6, 1, ""},
    {"\xE2\x8F\xAA", "fast reverse button", 6, 0, ""},
    {"\xE2\x8F\xAE\xEF\xB8\x8F", "last track button", 6, 1, ""},
    {"\xF0\x9F\x94\xBC", "upwards button", 6, 0, ""},
    {"\xE2\x8F\xAB", "fast up button", 6, 0, ""},
    {"\xF0\x9F\x94\xBD", "downwards button", 6, 0, ""},
    {"\xE2\x8F\xAC", "fast down button", 6, 0, ""},
    {"\xE2\x8F\xB8\xEF\xB8\x8F", "pause button", 6, 1, ""},
    {"\xE2\x8F\xB9\xEF\xB8\x8F", "stop button", 6, 1, ""},
    {"\xE2\x8F\xBA\xEF\xB8\x8F", "record button", 6, 1, ""},
    {"\xE2\x8F\x8F\xEF\xB8\x8F", "eject button", 6, 1, ""},
    {"\xF0\x9F\x8E\xA6", "cinema", 6, 0, ""},
    {"\xF0\x9F\x94\x85", "dim button", 6, 0, ""},
    {"\xF0\x9F\x94\x86", "bright button", 6, 0, ""},
    {"\xF0\x9F\x93\xB6", "antenna bars", 6, 0, ""},
    {"\xF0\x9F\x9B\x9C", "wireless", 6, 0, ""},
    {"\xF0\x9F\x93\xB3", "vibration mode", 6, 0, ""},
    {"\xF0\x9F\x93\xB4", "mobile phone off", 6, 0, ""},
    {"\xE2\x99\x80\xEF\xB8\x8F", "female sign", 6, 1, ""},
    {"\xE2\x99\x82\xEF\xB8\x8F", "male sign", 6, 1, ""},
    {"\xE2\x9A\xA7\xEF\xB8\x8F", "transgender symbol", 6, 1, ""},
    {"\xE2\x9C\x96\xEF\xB8\x8F", "multiply", 6, 1, ""},
    {"\xE2\x9E\x95", "plus", 6, 0, ""},
    {"\xE2\x9E\x96", "minus", 6, 0, ""},
    {"\xE2\x9E\x97", "divide", 6, 0, ""},
    {"\xF0\x9F\x9F\xB0", "heavy equals sign", 6, 0, ""},
    {"\xE2\x99\xBE\xEF\xB8\x8F", "infinity", 6, 1, ""},
    {"\xE2\x80\xBC\xEF\xB8\x8F", "double exclamation mark", 6, 1, "bangbang"},
    {"\xE2\x81\x89\xEF\xB8\x8F", "exclamation question mark", 6, 1, ""},
    {"\xE2\x9D\x93", "red question mark", 6, 0, "question"},
    {"\xE2\x9D\x94", "white question mark", 6, 0, ""},
    {"\xE2\x9D\x95", "white exclamation mark", 6, 0, ""},
    {"\xE2\x9D\x97", "red exclamation mark", 6, 0, "exclamation important"},
    {"\xE3\x80\xB0\xEF\xB8\x8F", "wavy dash", 6, 1, ""},
    {"\xF0\x9F\x92\xB1", "currency exchange", 6, 0, ""},
    {"\xF0\x9F\x92\xB2", "heavy dollar sign", 6, 0, ""},
    {"\xE2\x9A\x95\xEF\xB8\x8F", "medical symbol", 6, 1, ""},
    {"\xE2\x99\xBB\xEF\xB8\x8F", "recycling symbol", 6, 1, ""},
    {"\xE2\x9A\x9C\xEF\xB8\x8F", "fleur-de-lis", 6, 1, ""},
    {"\xF0\x9F\x94\xB1", "trident emblem", 6, 0, ""},
    {"\xF0\x9F\x93\x9B", "name badge", 6, 0, ""},
    {"\xF0\x9F\x94\xB0", "Japanese symbol for beginner", 6, 0, ""},
    {"\xE2\xAD\x95", "hollow red circle", 6, 0, ""},
    {"\xE2\x9C\x85", "check mark button", 6, 0, "white_check_mark check done yes ok"},
    {"\xE2\x98\x91\xEF\xB8\x8F", "check box with check", 6, 1, "check"},
    {"\xE2\x9C\x94\xEF\xB8\x8F", "check mark", 6, 1, "check tick"},
    {"\xE2\x9D\x8C", "cross mark", 6, 0, "x cross no wrong"},
    {"\xE2\x9D\x8E", "cross mark button", 6, 0, "x cross"},
    {"\xE2\x9E\xB0", "curly loop", 6, 0, ""},
    {"\xE2\x9E\xBF", "double curly loop", 6, 0, ""},
    {"\xE3\x80\xBD\xEF\xB8\x8F", "part alternation mark", 6, 1, ""},
    {"\xE2\x9C\xB3\xEF\xB8\x8F", "eight-spoked asterisk", 6, 1, ""},
    {"\xE2\x9C\xB4\xEF\xB8\x8F", "eight-pointed star", 6, 1, ""},
    {"\xE2\x9D\x87\xEF\xB8\x8F", "sparkle", 6, 1, ""},
    {"\xC2\xA9\xEF\xB8\x8F", "copyright", 6, 1, ""},
    {"\xC2\xAE\xEF\xB8\x8F", "registered", 6, 1, ""},
    {"\xE2\x84\xA2\xEF\xB8\x8F", "trade mark", 6, 1, ""},
    {"\xF0\x9F\xAB\x9F", "splatter", 6, 0, ""},
    {"\x23\xEF\xB8\x8F\xE2\x83\xA3", "keycap: #", 6, 0, ""},
    {"\x2A\xEF\xB8\x8F\xE2\x83\xA3", "keycap: *", 6, 0, ""},
    {"\x30\xEF\xB8\x8F\xE2\x83\xA3", "keycap: 0", 6, 0, ""},
    {"\x31\xEF\xB8\x8F\xE2\x83\xA3", "keycap: 1", 6, 0, ""},
    {"\x32\xEF\xB8\x8F\xE2\x83\xA3", "keycap: 2", 6, 0, ""},
    {"\x33\xEF\xB8\x8F\xE2\x83\xA3", "keycap: 3", 6, 0, ""},
    {"\x34\xEF\xB8\x8F\xE2\x83\xA3", "keycap: 4", 6, 0, ""},
    {"\x35\xEF\xB8\x8F\xE2\x83\xA3", "keycap: 5", 6, 0, ""},
    {"\x36\xEF\xB8\x8F\xE2\x83\xA3", "keycap: 6", 6, 0, ""},
    {"\x37\xEF\xB8\x8F\xE2\x83\xA3", "keycap: 7", 6, 0, ""},
    {"\x38\xEF\xB8\x8F\xE2\x83\xA3", "keycap: 8", 6, 0, ""},
    {"\x39\xEF\xB8\x8F\xE2\x83\xA3", "keycap: 9", 6, 0, ""},
    {"\xF0\x9F\x94\x9F", "keycap: 10", 6, 0, ""},
    {"\xF0\x9F\x94\xA0", "input latin uppercase", 6, 0, ""},
    {"\xF0\x9F\x94\xA1", "input latin lowercase", 6, 0, ""},
    {"\xF0\x9F\x94\xA2", "input numbers", 6, 0, ""},
    {"\xF0\x9F\x94\xA3", "input symbols", 6, 0, ""},
    {"\xF0\x9F\x94\xA4", "input latin letters", 6, 0, ""},
    {"\xF0\x9F\x85\xB0\xEF\xB8\x8F", "A button (blood type)", 6, 1, ""},
    {"\xF0\x9F\x86\x8E", "AB button (blood type)", 6, 0, ""},
    {"\xF0\x9F\x85\xB1\xEF\xB8\x8F", "B button (blood type)", 6, 1, ""},
    {"\xF0\x9F\x86\x91", "CL button", 6, 0, ""},
    {"\xF0\x9F\x86\x92", "COOL button", 6, 0, "cool"},
    {"\xF0\x9F\x86\x93", "FREE button", 6, 0, ""},
    {"\xE2\x84\xB9\xEF\xB8\x8F", "information", 6, 1, ""},
    {"\xF0\x9F\x86\x94", "ID button", 6, 0, ""},
    {"\xE2\x93\x82\xEF\xB8\x8F", "circled M", 6, 1, ""},
    {"\xF0\x9F\x86\x95", "NEW button", 6, 0, "new"},
    {"\xF0\x9F\x86\x96", "NG button", 6, 0, ""},
    {"\xF0\x9F\x85\xBE\xEF\xB8\x8F", "O button (blood type)", 6, 1, ""},
    {"\xF0\x9F\x86\x97", "OK button", 6, 0, "ok"},
    {"\xF0\x9F\x85\xBF\xEF\xB8\x8F", "P button", 6, 1, ""},
    {"\xF0\x9F\x86\x98", "SOS button", 6, 0, "sos help"},
    {"\xF0\x9F\x86\x99", "UP! button", 6, 0, ""},
    {"\xF0\x9F\x86\x9A", "VS button", 6, 0, ""},
    {"\xF0\x9F\x88\x81", "Japanese \xE2\x80\x9C" "here\xE2\x80\x9D" " button", 6, 0, ""},
    {"\xF0\x9F\x88\x82\xEF\xB8\x8F", "Japanese \xE2\x80\x9C" "service charge\xE2\x80\x9D" " button", 6, 1, ""},
    {"\xF0\x9F\x88\xB7\xEF\xB8\x8F", "Japanese \xE2\x80\x9C" "monthly amount\xE2\x80\x9D" " button", 6, 1, ""},
    {"\xF0\x9F\x88\xB6", "Japanese \xE2\x80\x9C" "not free of charge\xE2\x80\x9D" " button", 6, 0, ""},
    {"\xF0\x9F\x88\xAF", "Japanese \xE2\x80\x9C" "reserved\xE2\x80\x9D" " button", 6, 0, ""},
    {"\xF0\x9F\x89\x90", "Japanese \xE2\x80\x9C" "bargain\xE2\x80\x9D" " button", 6, 0, ""},
    {"\xF0\x9F\x88\xB9", "Japanese \xE2\x80\x9C" "discount\xE2\x80\x9D" " button", 6, 0, ""},
    {"\xF0\x9F\x88\x9A", "Japanese \xE2\x80\x9C" "free of charge\xE2\x80\x9D" " button", 6, 0, ""},
    {"\xF0\x9F\x88\xB2", "Japanese \xE2\x80\x9C" "prohibited\xE2\x80\x9D" " button", 6, 0, ""},
    {"\xF0\x9F\x89\x91", "Japanese \xE2\x80\x9C" "acceptable\xE2\x80\x9D" " button", 6, 0, ""},
    {"\xF0\x9F\x88\xB8", "Japanese \xE2\x80\x9C" "application\xE2\x80\x9D" " button", 6, 0, ""},
    {"\xF0\x9F\x88\xB4", "Japanese \xE2\x80\x9C" "passing grade\xE2\x80\x9D" " button", 6, 0, ""},
    {"\xF0\x9F\x88\xB3", "Japanese \xE2\x80\x9C" "vacancy\xE2\x80\x9D" " button", 6, 0, ""},
    {"\xE3\x8A\x97\xEF\xB8\x8F", "Japanese \xE2\x80\x9C" "congratulations\xE2\x80\x9D" " button", 6, 1, ""},
    {"\xE3\x8A\x99\xEF\xB8\x8F", "Japanese \xE2\x80\x9C" "secret\xE2\x80\x9D" " button", 6, 1, ""},
    {"\xF0\x9F\x88\xBA", "Japanese \xE2\x80\x9C" "open for business\xE2\x80\x9D" " button", 6, 0, ""},
    {"\xF0\x9F\x88\xB5", "Japanese \xE2\x80\x9C" "no vacancy\xE2\x80\x9D" " button", 6, 0, ""},
    {"\xF0\x9F\x94\xB4", "red circle", 6, 0, "red_circle"},
    {"\xF0\x9F\x9F\xA0", "orange circle", 6, 0, ""},
    {"\xF0\x9F\x9F\xA1", "yellow circle", 6, 0, ""},
    {"\xF0\x9F\x9F\xA2", "green circle", 6, 0, "green_circle"},
    {"\xF0\x9F\x94\xB5", "blue circle", 6, 0, "blue_circle"},
    {"\xF0\x9F\x9F\xA3", "purple circle", 6, 0, ""},
    {"\xF0\x9F\x9F\xA4", "brown circle", 6, 0, ""},
    {"\xE2\x9A\xAB", "black circle", 6, 0, "black_circle"},
    {"\xE2\x9A\xAA", "white circle", 6, 0, "white_circle"},
    {"\xF0\x9F\x9F\xA5", "red square", 6, 0, ""},
    {"\xF0\x9F\x9F\xA7", "orange square", 6, 0, ""},
    {"\xF0\x9F\x9F\xA8", "yellow square", 6, 0, ""},
    {"\xF0\x9F\x9F\xA9", "green square", 6, 0, ""},
    {"\xF0\x9F\x9F\xA6", "blue square", 6, 0, ""},
    {"\xF0\x9F\x9F\xAA", "purple square", 6, 0, ""},
    {"\xF0\x9F\x9F\xAB", "brown square", 6, 0, ""},
    {"\xE2\xAC\x9B", "black large square", 6, 0, ""},
    {"\xE2\xAC\x9C", "white large square", 6, 0, ""},
    {"\xE2\x97\xBC\xEF\xB8\x8F", "black medium square", 6, 1, ""},
    {"\xE2\x97\xBB\xEF\xB8\x8F", "white medium square", 6, 1, ""},
    {"\xE2\x97\xBE", "black medium-small square", 6, 0, ""},
    {"\xE2\x97\xBD", "white medium-small square", 6, 0, ""},
    {"\xE2\x96\xAA\xEF\xB8\x8F", "black small square", 6, 1, ""},
    {"\xE2\x96\xAB\xEF\xB8\x8F", "white small square", 6, 1, ""},
    {"\xF0\x9F\x94\xB6", "large orange diamond", 6, 0, ""},
    {"\xF0\x9F\x94\xB7", "large blue diamond", 6, 0, ""},
    {"\xF0\x9F\x94\xB8", "small orange diamond", 6, 0, ""},
    {"\xF0\x9F\x94\xB9", "small blue diamond", 6, 0, ""},
    {"\xF0\x9F\x94\xBA", "red triangle pointed up", 6, 0, ""},
    {"\xF0\x9F\x94\xBB", "red triangle pointed down", 6, 0, ""},
    {"\xF0\x9F\x92\xA0", "diamond with a dot", 6, 0, ""},
    {"\xF0\x9F\x94\x98", "radio button", 6, 0, ""},
    {"\xF0\x9F\x94\xB3", "white square button", 6, 0, ""},
    {"\xF0\x9F\x94\xB2", "black square button", 6, 0, ""},
    {"\xF0\x9F\x8F\x81", "chequered flag", 7, 0, "checkered_flag finish race"},
    {"\xF0\x9F\x9A\xA9", "triangular flag", 7, 0, "red_flag"},
    {"\xF0\x9F\x8E\x8C", "crossed flags", 7, 0, ""},
    {"\xF0\x9F\x8F\xB4", "black flag", 7, 0, ""},
    {"\xF0\x9F\x8F\xB3\xEF\xB8\x8F", "white flag", 7, 1, ""},
    {"\xF0\x9F\x8F\xB3\xEF\xB8\x8F\xE2\x80\x8D\xF0\x9F\x8C\x88", "rainbow flag", 7, 0, "rainbow_flag pride"},
    {"\xF0\x9F\x8F\xB3\xEF\xB8\x8F\xE2\x80\x8D\xE2\x9A\xA7\xEF\xB8\x8F", "transgender flag", 7, 0, ""},
    {"\xF0\x9F\x8F\xB4\xE2\x80\x8D\xE2\x98\xA0\xEF\xB8\x8F", "pirate flag", 7, 0, "pirate"},
};
